sample,timepoint,relative_timepoint,Glycolic acid,2-Hydroxy-3-methylbutyric acid,Pentanoic acid,2-Keto-3-methylvaleric acid,Cyclohexanecarboxylic acid,Propanal,2-Hydroxyisocaproic acid,Benzoic acid,Serine,Glycerol,2.3 butanediol,Threonine,Glycine,Glyceric acid,Nonanoic acid,Butanoic acid,Benzenepropanoic acid,alpha-Ketoisovaleric acid,Hexanoic acid,Methyl glutaric acid,Proline,Aspartic acid,3.4-Dihydroxybutanoic acid,Erythrose,Decanoic acid,Threose,Malic acid,Lactic acid,Arabinose (peak 1),Butanedioic acid,1-Deoxypentitol,2-Deoxy-D-ribose,Xylose,Pyrogallol,xi-2-Ethyl-1-hexanol,Arabinonic acid,Ribitol,Gluconic acid,3-Hydroxyphenylacetic acid,Ribose,Lauric acid,Mandelic acid,3-Hydroxy-3-phenylpropanoic acid,Arabinose (peak 2),Fructose,Pinitol,Sorbose,Methyl galactoside,Myristic acid,Arabinopyranose,Tagatose,Glucose,Allose,Ribonic acid,Galactaric acid,Palmitic acid,N-Acetyl-D-galactosamine,Mannose,Stearic acid,Acetyl galactosamine,Sebacic acid,Galactose,Xylitol
Case_1,12 months,-6 months,0.035834021,0.03443424,0.075204392,0.040458694,0.553235481,0.033396061,0.12093651,0.015666876,0.138853598,0.257773186,0.015818005,0.031687608,0.030929782,0.019705399,0.028276748,0.014712331,0.01861607,0.00959537,0.019847767,0.014565389,0.019615123,0.023598038,0.027433723,0.03101549,0.129654626,0.021974322,0.015353756,0.03917388,0.013592541,0.023031414,0.046509342,0.055223107,0.015059624,0.017469815,0.015800686,0.020748288,0.03334785,0.031574974,0.023731114,0.12782305,0.009736907,0.020942347,0.027137257,0.031230076,0.045549974,0.017875279,0.019165415,0.014680225,0.0330133,0.032709687,0.21909444,"3,184,663,531",0.886287582,0.022648328,0.048961493,0.061420698,0.382725769,0.016978287,0.012861716,0.024792412,0.026961301,0.059213008,0.064231401
Case_1,15 months,-3 months,0.005752257,0.004888745,0.026053245,0.01100164,0.105493214,0.012787073,0.006428832,0.003749712,0.033954542,0.170492446,0.002628359,0.035810588,0.032830383,0.004706076,0.005149538,0.003344368,0.004224343,0.002104119,0.004094049,0.00249919,0.006649492,0.011950111,0.016124026,0.019733922,0.022711535,0.002301485,0.002781441,0.011325791,0.003107994,0.004548464,0.007107652,0.006927523,0.003059627,0.002198129,0.002996838,0.003774261,0.003930452,0.031265456,0.029453239,0.09977515,0.002296715,0.003209493,0.008663679,0.003853782,0.004188009,0.002802908,0.002648159,0.002989089,0.006106757,0.003850099,0.006584376,0.204708283,0.058370402,0.003183689,0.010491317,0.010275774,0.003806653,0.002970811,0.001767554,0.003036331,0.003230435,0.006316224,0.005779929
Case_1,18 months,Onset,0.002111806,0.00187684,0.002950174,0.005955163,0.033213308,0.015560126,0.001543117,0.000577574,0.002218846,0.004928149,0.000698582,0.003713484,0.001716472,0.001793027,0.001468627,0.000875299,0.001051684,0.000499682,0.001335819,0.001074803,0.00234724,0.001904025,0.002173382,0.005776543,0.032448589,0.000754722,0.001476876,0.002695265,0.000586232,0.000744676,0.001414356,0.005775846,0.000804497,0.002772857,0.005302813,0.001100846,0.00104187,0.001379203,0.000740365,0.007461555,0.000512036,0.00109105,0.001416783,0.001120808,0.00736406,0.001436198,0.000968484,0.000855163,0.002521771,0.001153006,0.000558389,0.002537103,0.002473949,0.000702827,0.001713534,0.002502028,0.000881667,0.000740886,0.000535907,0.00099697,0.001418739,0.002232871,0.002036418
Case_1,6 months,-12 months,0.02309153,0.022468005,0.066625501,0.026151268,0.675811393,0.117660761,0.043671545,0.018391216,0.1715523,"1,238,623,017",0.017208394,0.021713407,0.027249828,0.019251621,0.077001294,0.024985718,0.024807008,0.014425585,0.026672559,0.016201636,0.02026151,0.025542579,0.024511091,0.043323607,0.147891324,0.014420844,0.021859042,0.035000389,0.022265778,0.025386367,0.043442393,0.030218669,0.015757669,0.012961346,0.257161329,0.217066764,0.031449746,0.040587919,0.030613627,0.363704905,0.011827824,0.071248489,0.028786286,0.025945535,0.037608107,0.01954566,0.028629112,0.028078331,0.084706607,0.046746149,0.152420493,"4,017,177,085","138,953,092",0.027143879,0.09463905,0.096612252,0.101544237,0.025172907,0.03063081,0.037629763,0.053355407,0.064493842,0.06098367
Case_1,9 months,-9 months,0.034434815,0.026655267,0.083419503,0.038190393,0.714400982,0.148918497,0.026686362,0.040953689,0.191503226,0.134152727,0.015505965,0.026582149,0.030367534,0.019912685,0.027908157,0.015096296,0.021394156,0.01020223,0.020069553,0.018234278,0.025162368,0.018555407,0.02580307,0.038047608,0.309430777,0.011896799,0.025898621,0.050508218,0.016497555,0.054236261,0.069073606,0.080447442,0.015492901,0.016808417,0.016546444,0.039740646,0.024924862,0.047920691,0.07895173,0.17583371,0.010435629,0.054863753,0.031847972,0.02729789,0.050663051,0.018010832,0.027316121,0.016837015,0.041420485,0.029618396,0.242725209,"159,322,142",0.452783303,0.019238849,0.05680288,0.0500198,0.058903724,0.016630564,0.014482656,0.024364749,0.025738608,0.055523922,0.053755661
Case_10,12 months,-6 months,0.012667468,0.009571734,0.026644359,0.013733613,0.115506775,0.011449602,0.00918926,0.005889405,0.022061752,0.09115039,0.00530978,0.011432024,0.015458439,0.009567283,0.010128256,0.005419882,0.006863371,0.00358603,0.009019362,0.004967998,0.006030502,0.005913907,0.008063461,0.011961811,0.035308197,0.003797563,0.004266747,0.009514086,0.006436965,0.005875062,0.007971279,0.007791981,0.005298943,0.004325603,0.005147199,0.007348526,0.007160372,0.009257211,0.005134044,0.123666844,0.003059957,0.007241203,0.009588102,0.007303123,0.0081464,0.004798721,0.004596913,0.00400893,0.009394426,0.004754099,0.005184554,0.107342452,0.038783599,0.004556269,0.009045823,0.023842646,0.0058888,0.007079351,0.003207988,0.00606374,0.006483622,0.013295561,0.012587834
Case_10,15 months,-3 months,0.014430813,0.010622227,0.026497828,0.010784065,0.091043535,0.009620495,0.007744825,0.004151935,0.019655276,0.076756289,0.004255712,0.016055045,0.015349513,0.014470666,0.007117924,0.003965576,0.004948073,0.002502007,0.00657663,0.003285871,0.004184505,0.00412661,0.00563676,0.009096677,0.025551764,0.002780497,0.00359567,0.010622997,0.004159866,0.004199418,0.005884957,0.00575291,0.005088753,0.003315167,0.004217836,0.005965451,0.005478936,0.007109361,0.003762515,0.153560458,0.002451938,0.004563607,0.005811217,0.005501898,0.005814327,0.003858039,0.00366124,0.004186362,0.007297908,0.003801952,0.005781716,0.166536229,0.048848422,0.004339372,0.009092731,0.013054732,0.004154835,0.007168333,0.002176846,0.004158155,0.004294536,0.008887106,0.009034854
Case_10,18 months,Onset,0.273637149,0.047681115,0.048321816,0.018722264,0.226724083,0.019119547,0.03833137,0.008355625,0.03183145,0.258476879,0.007998659,0.040359727,0.034694356,0.024721378,0.017612416,0.008539502,0.010848884,0.005330845,0.015118046,0.006695863,0.008675474,0.010766693,0.011405575,0.016712432,0.049985676,0.004810921,0.009276856,0.013972755,0.008659102,0.00797407,0.01152779,0.010696483,0.014521481,0.006056627,0.007478804,0.01133413,0.011172311,0.014123587,0.007461486,0.249235456,0.00455443,0.009685153,0.010907205,0.010390946,0.01174716,0.007963043,0.007996781,0.006018168,0.01369429,0.006798217,0.00652128,0.027908166,0.024172029,0.006634426,0.01213415,0.024580588,0.006558537,0.008080482,0.004305617,0.00866123,0.0091209,0.019756687,0.018509264
Case_10,6 months,-12 months,0.02117866,0.012158577,0.0324452,0.016079656,0.232387941,0.014630719,0.012134786,0.006289109,0.099004159,0.049757008,0.006567874,0.049189013,0.022668415,0.011419359,0.015143517,0.008422133,0.011175087,0.006715291,0.01027491,0.00989939,0.010647722,0.011962862,0.014181062,0.01936452,0.060183116,0.005716917,0.008599722,0.015433256,0.00806691,0.008483727,0.01832009,0.012498381,0.008886629,0.00674805,0.008250582,0.009863606,0.012967503,0.014931347,0.007755548,0.117010027,0.007781415,0.011908555,0.018605048,0.036741176,0.032423015,0.04175648,0.012493282,0.015086377,0.032643684,0.027597485,0.008490073,0.828601002,0.23887433,0.009716704,0.050981721,0.029489225,0.027436618,0.008236752,0.00585427,0.011105299,0.012400752,0.025925887,0.025291377
Case_10,9 months,-9 months,0.012386618,0.008552988,0.018954545,0.008176627,0.057040836,0.00574042,0.004722214,0.002574656,0.011411469,0.038321515,0.002360512,0.006376431,0.008036786,0.004702893,0.005143668,0.003035375,0.003652411,0.00189598,0.003892896,0.002750579,0.003349163,0.003414429,0.004565983,0.006216097,0.02255078,0.002241278,0.003035119,0.006225357,0.003808318,0.003803153,0.006511,0.004972329,0.003243493,0.002640443,0.003541029,0.004782629,0.004543447,0.005782112,0.003795834,0.061715112,0.00178494,0.003939388,0.005178226,0.003827152,0.004786178,0.003083781,0.002763613,0.002048008,0.006992671,0.003220982,0.003849243,0.34230214,0.091119292,0.003171373,0.006087869,0.017687436,0.003191608,0.00321301,0.001997951,0.003813004,0.004366607,0.008437113,0.009055574
Case_2,12 months,-12 months,0.055164169,0.035581866,0.109757406,0.039017193,0.717129692,0.050105804,0.020756562,0.084690572,0.057896908,0.199580482,0.01885543,0.032659513,0.037055881,0.022203459,0.028930533,0.016821778,0.022048231,0.010888073,0.017162299,0.014399897,0.018137586,0.022322089,0.028810716,0.038924346,0.148262014,0.013457471,0.030253024,0.033359485,0.011387125,0.017336818,0.024952615,0.0230484,0.016506767,0.015305856,0.014584421,0.020094017,0.02141182,0.041374189,0.018326774,0.111125697,0.009566119,0.021516812,0.020684793,0.01836375,0.024162562,0.015964983,0.016993282,0.012885503,0.035631899,0.022572545,0.016686708,0.612199208,0.184214466,0.015611954,0.023759403,0.064939352,0.029569198,0.011268135,0.008578479,0.017384744,0.018527945,0.035984131,0.036077397
Case_2,15 months,-9 months,0.010716794,0.006436695,0.023379362,0.008736021,0.074549285,0.006444476,0.005087729,0.003748474,0.01922344,0.073816357,0.00400285,0.014433035,0.013175635,0.006250754,0.005716201,0.004796307,0.004202651,0.002062668,0.005643929,0.00254704,0.003296628,0.003290853,0.004281793,0.006105161,0.033958298,0.002037061,0.011245317,0.008038424,0.00326735,0.003014893,0.003936845,0.003650089,0.002627619,0.002557208,0.004653291,0.00474195,0.004247918,0.005784712,0.004134263,0.0984126,0.001832796,0.00337841,0.0072369,0.003456963,0.004358409,0.002720437,0.002645329,0.002142465,0.006547343,0.003512768,0.003747359,0.028525646,0.01472984,0.002570678,0.0045497,0.012727535,0.002791244,0.002453998,0.001774667,0.003604191,0.004130444,0.010547022,0.011097147
Case_2,18 months,-6 months,0.034477321,0.025095632,0.063035996,0.041483887,0.484252187,0.029910416,0.043383282,0.014441071,0.052291168,0.179614418,0.01170122,0.027415892,0.026953992,0.015293754,0.022099709,0.01205009,0.021077458,0.00791769,0.013500144,0.011273546,0.018206028,0.020157221,0.024263305,0.033996791,0.117140399,0.01800158,0.012873899,0.032110884,0.010682893,0.016389065,0.028345881,0.134955309,0.013224941,0.010773362,0.013839533,0.01830002,0.030060073,0.034497752,0.019312115,0.124476245,0.007793713,0.02519606,0.01700357,0.014615883,0.018475397,0.012454475,0.012976704,0.027766013,0.025302977,0.0210832,0.019295365,"2,637,232,217",0.553008376,0.015744718,0.044165061,0.100402656,0.061617286,0.011143103,0.008895256,0.017286194,0.017401199,0.037992527,0.044012045
Case_2,21 months,-3 months,0.136061683,0.034492285,0.090602023,0.025592462,0.854177831,0.023015776,0.154931634,0.012103827,0.037513346,0.73623052,0.012342085,0.022780791,0.027296879,0.018006164,0.022100787,0.017074045,0.023598609,0.008279759,0.04385329,0.018722862,0.019173604,0.046411677,0.044255362,0.029349465,0.137246571,0.013101,0.015943841,0.057109251,0.012138332,0.043699108,0.033332373,0.258947464,0.010851292,0.008653895,0.01381554,0.018907693,0.078171708,0.096514492,0.032330171,0.130456222,0.009488422,0.026281182,0.018239658,0.014034426,0.016833222,0.011834777,0.021199022,0.014015679,0.042143424,0.023014798,0.10884773,0.639680575,0.19424838,0.014257764,0.039497077,0.039194425,0.017089297,0.011846316,0.014549698,0.017650147,0.016091066,0.033353278,0.036054036
Case_2,24 months,Onset,0.086392348,0.009022622,0.035737554,0.014984985,0.148848938,0.018653625,0.011333983,0.006227214,0.038501269,0.179139669,0.005822586,0.03603525,0.038840727,0.011977737,0.009940334,0.005074431,0.006314071,0.002979178,0.007023159,0.003896268,0.005191117,0.006693078,0.00822749,0.011582669,0.030620767,0.003260884,0.004094381,0.008268235,0.005428672,0.005084033,0.006847129,0.005922255,0.005826791,0.004804268,0.007531744,0.010951434,0.008359807,0.012720866,0.005505068,0.189499684,0.002800515,0.005123813,0.005028753,0.004201369,0.005436824,0.003391257,0.003379209,0.002629434,0.009652111,0.003488872,0.004701559,0.058363013,0.025487398,0.004954529,0.006919917,0.024645434,0.003318898,0.003633452,0.002162022,0.004240345,0.004335855,0.009158422,0.008534376
Case_2,6 months,-18 months,0.022056074,0.027666348,0.033776745,0.017441395,0.216009611,0.01551345,0.013746281,0.006616115,0.091943358,"270,911,189",0.006825494,0.019630474,0.212126158,0.015332549,0.016617127,0.009730179,0.011822446,0.006399905,0.011825569,0.009733418,0.010666263,0.011136138,0.016624221,0.022766922,0.078559732,0.020678095,0.009588988,0.017213626,0.007594257,0.009744248,0.014814604,0.039616073,0.008610909,0.006632669,0.011405325,0.01708472,0.015722537,0.023766392,0.019226887,0.21972151,0.046797476,0.016050707,0.026975327,0.087084859,0.021560201,0.020704723,0.019276129,0.100300705,0.218389856,0.035778958,0.030160652,"2,154,988,058","2,293,943,292",0.078141149,0.049830667,0.048042545,0.017786553,0.015325023,0.011852973,0.017890778,0.017597648,0.040974994,0.040528834
Case_2,9 months,-15 months,0.037049648,0.028609404,0.068495585,0.035271566,0.30026634,0.028732223,0.025675699,0.014305134,0.053048649,0.15528024,0.012710052,0.027259901,0.033149677,0.023195597,0.031845479,0.01920283,0.023958127,0.013247673,0.022879612,0.01830313,0.023491185,0.023262286,0.030927282,0.038966712,0.126895894,0.01473744,0.018230224,0.084899975,0.012737862,0.016699661,0.024423576,0.04302117,0.020020537,0.013640456,0.016545835,0.021528662,0.02270652,0.032839121,0.029633757,0.128252904,0.012045372,0.023984172,0.027482442,0.022593075,0.028143245,0.019195622,0.020798535,0.013476982,0.035215275,0.027518375,0.017031963,0.255173488,0.11004007,0.021576892,0.040213592,0.066430978,0.028279027,0.025128468,0.020122107,0.041936169,0.047790693,0.118153481,0.121639175
Case_3,12 months,-12 months,0.038091944,0.035081915,0.078230939,0.036921309,0.503028655,0.026853464,0.085719724,0.014484529,0.08906649,0.181188543,0.01620898,0.029572148,0.031756517,0.020039647,0.032078279,0.01828037,0.026269252,0.010403598,0.018278497,0.015377836,0.019710505,0.02216049,0.027684662,0.032493085,0.153220692,0.041880533,0.016294685,0.035312139,0.012291235,0.022606705,0.024389886,0.092218224,0.01331353,0.011278164,0.014603858,0.017706313,0.030115118,0.033024783,0.026750098,0.130372875,0.009998388,0.022051199,0.024185916,0.019406396,0.026016601,0.016414623,0.021644122,0.015126954,0.03879059,0.042906255,0.257268804,"5,257,820,896","1,197,328,992",0.025055977,0.047347162,0.06657651,0.101373674,0.016511945,0.012216712,0.024665126,0.02569889,0.056865742,0.064049708
Case_3,15 months,-9 months,0.028713312,0.024573581,0.052967716,0.026870025,0.386861699,0.022712634,0.075040472,0.011363301,0.082910526,0.380688739,0.015011725,0.025233448,0.024734605,0.016179662,0.024519531,0.014666886,0.026591916,0.008826349,0.02054664,0.014123205,0.01694679,0.019459094,0.025673557,0.028336164,0.109507163,0.017814646,0.013411813,0.028864466,0.009758952,0.014372975,0.020388921,0.086521113,0.010831353,0.009480644,0.01339796,0.014393098,0.022815842,0.029028687,0.026263815,0.171380554,0.008542286,0.028599918,0.022041948,0.024405505,0.032406793,0.014477604,0.018544425,0.012374161,0.032088095,0.040666716,0.242484821,"4,106,284,279",0.945701751,0.023268596,0.066035562,0.051915904,0.107971095,0.013347968,0.011162218,0.020702653,0.024340993,0.048257936,0.054704108
Case_3,18 months,-6 months,0.00830323,0.007729829,0.031423402,0.012154409,0.097126001,0.014019815,0.006204281,0.003156165,0.028024956,0.052833846,0.002708172,0.024631753,0.031577941,0.005868512,0.005712486,0.003305939,0.004759202,0.002126523,0.02306366,0.002857174,0.008328416,0.008161188,0.009915185,0.008426238,0.02449881,0.002620883,0.003308594,0.00862987,0.00371192,0.004894342,0.006282671,0.007391401,0.003455458,0.00259853,0.003414031,0.005164555,0.004366716,0.025063642,0.00373538,0.116384099,0.002488458,0.004429324,0.005923364,0.004318137,0.005341294,0.003355062,0.002998258,0.002292026,0.006879744,0.00412566,0.006792535,0.143263435,0.040980187,0.003592266,0.006876013,0.011383271,0.003655253,0.003837184,0.002074501,0.004022091,0.004167306,0.009355996,0.009158612
Case_3,21 months,-3 months,0.019057777,0.011931192,0.038930529,0.01076668,0.101629104,0.010410311,0.008222112,0.005862198,0.029313293,0.066723367,0.004518782,0.019947772,0.024514735,0.008079016,0.007524054,0.0043644,0.005469325,0.002857464,0.006094011,0.004000197,0.00813829,0.008794078,0.010940404,0.009609936,0.03080959,0.003142148,0.00406455,0.009880882,0.005029994,0.005384861,0.007936684,0.007122633,0.006298794,0.004040212,0.004986234,0.007101273,0.007563282,0.016780073,0.007396349,0.118400511,0.003263254,0.006167163,0.009187435,0.007391799,0.009790783,0.008013931,0.006678491,0.005765424,0.012813575,0.007608999,0.005699373,0.260323939,0.07653198,0.006593357,0.014969398,0.029297946,0.007559872,0.005768242,0.003976213,0.006732579,0.008636112,0.018109741,0.019003746
Case_3,24 months,Onset,0.004629169,0.015324314,0.031479073,0.006709655,0.071358242,0.004434536,0.002748329,0.002062858,0.030398971,0.043633018,0.001242664,0.008214961,0.211550349,0.003513125,0.00361386,0.002500626,0.002951347,0.001568041,0.003475934,0.001997549,0.010911897,0.01787191,0.013282128,0.005493125,0.019115374,0.001675038,0.003684319,0.010147726,0.002212374,0.003532008,0.00400964,0.005280852,0.002067635,0.001412724,0.001744537,0.00253483,0.002742616,0.021901607,0.002147796,0.098348527,0.001608712,0.002825802,0.006200993,0.003334442,0.003830464,0.002298597,0.002319844,0.001933504,0.00577439,0.004170673,0.010201534,0.364556055,0.098020819,0.003773958,0.007577609,0.010773274,0.006039937,0.004509147,0.001972655,0.003513614,0.0038924,0.007090153,0.009583085
Case_3,6 months,-18 months,0.006628983,0.003200443,0.010372217,0.00946154,0.045609359,0.005018881,0.003403716,0.002045672,0.007320007,0.014886578,0.00213965,0.049190635,0.005202398,0.009578731,0.005769109,0.002840036,0.00359552,0.001808435,0.002944055,0.002444043,0.003114119,0.003136804,0.005016299,0.006751797,0.018018155,0.001785762,0.002790015,0.004482622,0.004439856,0.003318634,0.005537189,0.00538953,0.008865316,0.013072716,0.00394709,0.003725899,0.004271156,0.00473193,0.002876038,0.364894069,0.003881466,0.009551502,0.013501259,0.022840239,0.005139254,0.003998285,0.004948426,0.003019112,0.009876877,0.007395363,0.003639571,0.312097637,0.101023548,0.008534863,0.013769399,0.013336412,0.011871051,0.003036933,0.002687466,0.004811244,0.005471749,0.014997197,0
Case_3,9 months,-15 months,0.030473464,0.021201344,0.063340802,0.027077902,"1,202,754,526",0.672567719,0.024544128,0.033616296,0.154144749,0.126590471,0.013540717,0.028701828,0.028675696,0.018159887,0.030256284,0.015923236,0.020829227,0.011527738,0.017439167,0.016495208,0.023143324,0.018859856,0.022990167,0.031878096,0.206111871,0.011465209,0.034772687,0.050103951,0.025200809,0.019995033,0.034894965,0.042260273,0.018003923,0.012078241,0.013298969,0.018181123,0.027942409,0.034373378,0.025954372,0.137189772,0.010139965,0.026057822,0.027723274,0.041800063,0.04586744,0.021640377,0.020128586,0.03604691,0.044923769,0.037194563,0.024804736,"2,669,148,367",0.730998719,0.022691406,0.044627233,0.055274202,0.028653473,0.015714856,0.01436346,0.022639794,0.020958321,0.037571834,0.034937634
Case_4,12 months,-6 months,0.005777826,0.0108182,0.027607203,0.010392488,0.101628195,0.008870944,0.010774741,0.004299302,0.022128908,0.075064537,0.003390063,0.020331163,0.022617998,0.005733356,0.005894596,0.003296721,0.004298684,0.002478401,0.003818843,0.003577793,0.004828201,0.003982759,0.007040798,0.009848012,0.026474443,0.003472132,0.003264051,0.007112863,0.004806505,0.006031045,0.008889086,0.010267471,0.007180884,0.004525038,0.004580493,0.006306637,0.006047605,0.007955079,0.004339227,0.241778934,0.002875526,0.005821784,0.005503104,0.004720364,0.00641509,0.005254434,0.004340878,0.006413882,0.009867986,0.005809345,0.004223227,0.014909685,0.084022597,0.003756307,0.009022538,0.013162519,0.003838404,0.003540424,0.004453358,0.005912905,0.00599075,0.011785642,0.009376998
Case_4,15 months,-3 months,0.026557548,0.160971545,0.060108587,0.027291167,0.700139995,0.12974714,0.172764115,0.012151922,0.183269844,0.335191522,0.012118737,0.025934343,0.025716108,0.020094126,0.044787892,0.016692726,0.018413598,0.009876509,0.066051933,0.034706149,0.021635139,0.03351963,0.03069286,0.034080829,0.215231889,0.046565387,0.020612598,0.181444376,0.017278127,0.047221205,0.109226492,0.116276896,0.013403519,0.012036446,0.039874416,0.298951301,0.082292795,0.052719706,0.037065287,0.217184497,0.012006196,0.036630192,0.049323253,0.057594584,0.091248837,0.026646782,0.031209374,0.026832465,0.052758491,0.040175775,0.182398666,"1,772,661,856",0.548556559,0.052671247,0.279598626,0.095068268,0.207955029,0.020514852,0.01649849,0.028702532,0.033240603,0.071331442,0.054466732
Case_4,18 months,Onset,0.104719219,0.04774503,0.151506303,0.044420227,0.563278385,0.034084514,0.1074506,0.017860549,0.056440285,0.576686317,0.011799682,0.025396205,0.030976916,0.018229389,0.027051946,0.019325269,0.018513653,0.009036531,0.084063345,0.043910181,0.022208184,0.024636006,0.032860173,0.035086247,0.153633901,0.016307712,0.017050087,0.076926794,0.016648371,0.050260757,0.052633743,0.184737491,0.012619355,0.011056493,0.028378512,0.06814692,0.133988564,0.049566078,0.023275116,0.150558611,0.009958824,0.03449983,0.021193499,0.046573804,0.050318551,0.015170425,0.016443821,0.044645625,0.031823043,0.026038994,0.04724947,0.655577539,0.222039157,0.014873691,0.058849714,0.059813735,0.021480698,0.012757546,0.017857409,0.02040597,0.020812537,0.041783265,0.03475542
Case_4,6 months,-12 months,0.017415927,0.014757246,0.031764113,0.01675361,0.229242653,0.016857622,0.011667979,0.006753267,0.097044984,0.054606965,0.007663705,0.035324405,0.020990487,0.012403661,0.015000659,0.008427073,0.011031204,0.006139734,0.011067529,0.008315738,0.010819284,0.010608862,0.014335801,0.018149355,0.058765733,0.005840915,0.008094451,0.024668807,0.00811045,0.009446786,0.019106068,0.013714441,0.01172916,0.010822233,0.011766104,0.012748295,0.018828766,0.023343861,0.011098759,0.206199391,0.007016086,0.014040317,0.124974955,0.014487292,0.019480039,0.019426051,0.017935289,0.012104626,0.032326093,0.028322235,0.014886391,"2,006,514,683",0.542035048,0.012955118,0.027214233,0.041915186,0.020428747,0.014102826,0.008757693,0.016440518,0.017179443,0.041170004,0.028938361
Case_4,9 months,-9 months,0.003799047,0.003515497,0.007320878,0.00358344,0.088722189,0.003274171,0.002917392,0.038416657,0.005969654,0.032039949,0.007357221,0.022261377,0.004172309,0.001996828,0.002935801,0.001744781,0.002542841,0.001297207,0.002166569,0.00181909,0.006486849,0.003104251,0.003929752,0.005002357,0.015125549,0.001364771,0.0021694,0.003565997,0.012410732,0.00318191,0.004639144,0.003885344,0.001680732,0.001306695,0.001616899,0.002288672,0.003664936,0.01022061,0.002744799,0.028172964,0.001311123,0.002713157,0.006413735,0.00316147,0.009790783,0.009277263,0.005628458,0.005765424,0.00812469,0.017886212,0.003124301,0.135582373,0.054964682,0.020764567,0.35914013,0.01018089,0.00817784,0.004475212,0.002557772,0.003156079,0.004623063,0.006814146,0.005520275
Case_5,30 months,-18 months,0.008415243,0.005670476,0.056881282,0.009665957,0.079980854,0.011659548,0.003777317,0.002624849,0.029568866,0.057553404,0.002182637,0.020620297,0.057232801,0.004554318,0.00585581,0.003186382,0.004822329,0.002091194,0.005955454,0.003868349,0.014308354,0.009467802,0.006535789,0.007153155,0.022392792,0.002337587,0.003467296,0.006325015,0.005633593,0.004896125,0.005638348,0.006624041,0.002824712,0.002444121,0.003327825,0.004721906,0.004501145,0.007498369,0.003485716,0.071455177,0.001850535,0.004297106,0.011439546,0.003993216,0.004867738,0.003142541,0.003474175,0.002239936,0.007187667,0.004565085,0.004090351,0.341460237,0.086531637,0.004160491,0.008960077,0.02012111,0.004551259,0.003723947,0.003035366,0.005049539,0.005712055,0.011979495,0.012791281
Case_5,36 months,-12 months,0.020523759,0.013420343,0.049867208,0.021256954,0.192766685,0.017081716,0.014712146,0.010511144,0.042708664,0.15439656,0.011561598,0.029947842,0.034577135,0.016944444,0.017184121,0.009009066,0.011057906,0.005690084,0.01847209,0.007933848,0.009824769,0.016502583,0.013883363,0.018251923,0.055869407,0.006146525,0.00716227,0.014272915,0.009743288,0.009095501,0.0115503,0.010614332,0.008849894,0.007211697,0.009893555,0.013848789,0.013566241,0.017676148,0.008989809,0.156828913,0.005059347,0.010252108,0.010406995,0.009515712,0.011732226,0.007768968,0.007785197,0.006948332,0.023363739,0.008553309,0.006907451,0.082136651,0.04751934,0.007802823,0.015596556,0.07506748,0.011172666,0.009083111,0.006535891,0.013726446,0.013989639,0.032143034,0.03025527
Case_5,48 months,Onset,0.098608334,0.02004944,0.024062752,0.011076996,0.0837027,0.008868058,0.008526635,0.003774522,0.013627042,0.056921947,0.003884606,0.008178052,0.014545483,0.007238655,0.008654288,0.004806246,0.005969001,0.003139326,0.005926354,0.004460849,0.005869066,0.005652091,0.008852082,0.00996586,0.031950686,0.003258524,0.004262159,0.013386356,0.003822578,0.005251264,0.008147695,0.007386435,0.004614932,0.003709315,0.004591038,0.005690714,0.007506228,0.008836441,0.004349168,0.088060165,0.003384115,0.006395577,0.00952771,0.007524788,0.008924849,0.008756412,0.005856714,0.006954895,0.014609702,0.007890814,0.005910461,0.292306946,0.148845662,0.007068737,0.011153722,0.020265033,0.007835596,0.005152702,0.004106659,0.006981934,0.008195687,0.016551892,0.0154561
Case_6,12 months,-12 months,0.009979254,0.006853865,0.043524809,0.010258217,0.105393145,0.008019325,0.005931451,0.003664831,0.045129555,0.060717033,0.002910951,0.03762043,0.04513904,0.004371897,0.005233701,0.003019265,0.003988752,0.002093012,0.00391089,0.002784878,0.008439708,0.01552311,0.016022148,0.008407055,0.026961258,0.002192453,0.002738949,0.00545498,0.003473467,0.004516796,0.005611812,0.00524883,0.002739894,0.002183309,0.003070301,0.004283176,0.005050468,0.008087429,0.029005356,0.081740975,0.001833986,0.003916476,0.003520726,0.003181236,0.004425847,0.003070957,0.002699532,0.003482089,0.007218015,0.003052655,0.002666342,0.066965482,0.02327709,0.002751599,0.005922074,0.014120507,0.003598011,0.002820421,0.001907448,0.003776717,0.004775841,0.010261702,0.00996685
Case_6,15 months,-9 months,0.067034272,0.034220087,0.098743822,0.048180871,0.411619304,0.040289263,0.032478029,0.023084942,0.077010729,0.283271075,0.018292751,0.045016674,0.241667708,0.039418497,0.039873668,0.022076001,0.027199754,0.014372746,0.024958962,0.019668243,0.024710066,0.024730474,0.034411517,0.044680977,0.143461414,0.014517361,0.017317953,0.032419667,0.016559204,0.018409901,0.025362829,0.024720935,0.015033414,0.013206949,0.016385599,0.027297083,0.028231357,0.038325577,0.017806146,0.515142476,0.012114344,0.022778999,0.027772819,0.029585115,0.029760754,0.020224752,0.020450143,0.015888317,0.039965637,0.023602308,0.018585544,0.60259466,0.217512176,0.019217334,0.041552232,0.065792862,0.029692301,0.021363639,0.015576207,0.031723429,0.036496967,0.082221483,0.079618504
Case_6,21 months,-3 months,0.153308272,0.006600123,0.024384052,0.007559457,0.083518001,0.008380024,0.006086349,0.003295809,0.026721657,0.056895403,0.002707652,0.025097132,0.0236694,0.005417546,0.005047698,0.00283209,0.003795891,0.001890223,0.003828958,0.002546785,0.00378522,0.005781623,0.00729082,0.007281378,0.02098231,0.002137379,0.003031656,0.005652546,0.003058796,0.003891312,0.004994551,0.004768817,0.00332224,0.00252383,0.003389316,0.004851618,0.006729664,0.014676578,0.003943279,0.052578689,0.002376283,0.003574075,0.004837079,0.007136909,0.004215595,0.002759105,0.002849273,0.002089191,0.005697097,0.003025126,0.002577624,0.027696507,0.016699393,0.002728538,0.006258271,0.011754447,0.003432114,0.003029298,0.001949034,0.003848167,0.004255248,0.009309764,0.010329235
Case_6,24 months,Onset,0.117170034,0.025684398,0.06682908,0.032271516,0.223718293,0.024773555,0.017686843,0.01000721,0.034592978,0.595154853,0.010282837,0.023911444,0.082067894,0.022240706,0.022246938,0.012686483,0.016071375,0.008296831,0.015499151,0.011464357,0.014905516,0.015115461,0.02201468,0.042700105,0.102428754,0.010757939,0.012254002,0.027027267,0.01133308,0.014902971,0.020795968,0.019715823,0.012502483,0.010220506,0.013042804,0.021036634,0.029590178,0.033026366,0.015304943,0.390435938,0.009130919,0.018039213,0.031752215,0.023712482,0.022037739,0.016503759,0.016011169,0.015308425,0.032785691,0.01589105,0.016402315,0.82581774,0.247733433,0.017621492,0.090357456,0.053261452,0.020878485,0.020926265,0.009948682,0.019340013,0.021768469,0.043728801,0.047820062
Case_6,6 months,-18 months,0.053554845,0.037624677,0.095129565,0.039248695,0.305442781,0.029481029,0.024194448,0.025558848,0.058197507,0.143407626,0.010472457,0.026118541,0.117590522,0.045557874,0.046335823,0.021086027,0.024092191,0.012346094,0.022929949,0.017226081,0.021675012,0.023062866,0.045368322,0.038296306,0.135080508,0.012301911,0.014592392,0.024823991,0.012963811,0.016694199,0.029247903,0.02402588,0.014431158,0.012001899,0.015115442,0.019510134,0.021213811,0.028056095,0.035475745,0.183160341,0.009344725,0.021598425,0.020029811,0.017251305,0.028562789,0.027077247,0.013802275,0.019298679,0.040642869,0.013758398,0.00984932,0.073478779,0.0505868,0.011463306,0.023910035,0.045653388,0.014379423,0.01048543,0.008105941,0.01575821,0.023368012,0.036407169,0.034828271
Case_7,12 months,-18 months,0.016809782,0.012373088,0.024703886,0.01067725,0.086938314,0.00874116,0.006170221,0.00392868,0.013835531,0.060601041,0.003582451,0.008161565,0.010868523,0.008378239,0.009247212,0.00529927,0.006604624,0.00358729,0.006319715,0.00535486,0.006470453,0.006731531,0.010819869,0.012561958,0.039667707,0.003803533,0.004448043,0.020936874,0.005405258,0.006268188,0.009475578,0.008198377,0.005297867,0.004136101,0.005170909,0.010519272,0.026899191,0.013197373,0.006323353,0.122785715,0.003659814,0.008110455,0.011546955,0.009934951,0.012050842,0.028013316,0.032469058,0.0108341,0.015652784,0.010760782,0.006590527,0.206638878,0.079366498,0.01663766,0.169942701,0.021065232,0.009117317,0.005703276,0.004137016,0.008267425,0.009243866,0.021083612,0.020529704
Case_7,15 months,-15 months,0.088139082,0.009542254,0.029634483,0.011207318,0.082288068,0.007502403,0.006864278,0.003592477,0.019273955,0.052867791,0.003125562,0.012767944,0.01116862,0.006506404,0.006491993,0.004121149,0.004711226,0.002428001,0.004525895,0.003263585,0.004114703,0.004351138,0.006008054,0.007573485,0.024908249,0.002497571,0.00320507,0.00747286,0.003599247,0.004162695,0.00538685,0.005158605,0.00404358,0.003213758,0.00414345,0.007953426,0.006324279,0.009914883,0.02794726,0.08413471,0.002547306,0.005140774,0.006904457,0.0046124,0.005727555,0.00371588,0.00747991,0.004141403,0.009497037,0.004959635,0.0039952,0.082103053,0.035535016,0.011471687,0.103308634,0.015911562,0.004054905,0.003559593,0.002605012,0.005133158,0.00568636,0.012100044,0.011853306
Case_7,18 months,-12 months,0.087770126,0.057219133,0.167130075,0.075439464,0.577793497,0.060015775,0.047369625,0.028599522,0.104618085,0.343300175,0.027402742,0.063299082,0.10465694,0.066470756,0.091397128,0.049842692,0.057410821,0.027819296,0.038381075,0.028608031,0.033281318,0.033081842,0.042477381,0.05437399,0.162238468,0.016719156,0.019846296,0.036961101,0.018110534,0.021710778,0.029226185,0.029684755,0.01941338,0.015700489,0.020308751,0.02953325,0.028168102,0.042895965,0.023179172,0.48643156,0.014160276,0.028868689,0.033132069,0.026432948,0.029170306,0.020070561,0.019374772,0.016502736,0.04595685,0.019391831,0.015390936,0.078917907,0.06095153,0.016131104,0.033824385,0.09818718,0.020100678,0.017880889,0.013145569,0.026239507,0.028473622,0.059210241,0.057699475
Case_7,21 months,-9 months,0.013140782,0.006659935,0.043513398,0.010615089,0.090736261,0.013150034,0.005248436,0.0031844,0.028651962,0.054396213,0.002721275,0.021762218,0.048654751,0.007393715,0.007295729,0.004207729,0.005890042,0.002833203,0.00595417,0.003938455,0.013142281,0.015095389,0.015068552,0.009459752,0.034079364,0.003044584,0.004377207,0.00905091,0.005039867,0.006665058,0.00770839,0.007020096,0.003977074,0.003368955,0.004481699,0.006112384,0.007896413,0.02208021,0.006018787,0.089127522,0.003107056,0.006539934,0.007998489,0.005785954,0.007827769,0.004990454,0.005119993,0.006388391,0.040809958,0.005917591,0.004539325,0.054721539,0.032482179,0.005027605,0.010889048,0.098680359,0.006726517,0.00613697,0.004459326,0.007942573,0.009736114,0.025125414,0.022731906
Case_7,24 months,-6 months,0.01589271,0.006354037,0.023898941,0.011474736,0.096295695,0.009914989,0.006929089,0.004117832,0.023652377,0.073377027,0.003229422,0.020856456,0.01543888,0.006351007,0.006666263,0.003740149,0.005092264,0.002496777,0.006067982,0.003235053,0.005575997,0.006657048,0.007674726,0.008225975,0.02409452,0.002805809,0.003068952,0.005903754,0.003705861,0.004808373,0.006584507,0.005301597,0.00430138,0.002960588,0.003427045,0.004883938,0.005501522,0.008093486,0.007859867,0.111011521,0.002606881,0.004657982,0.005931938,0.007295022,0.005645587,0.00361747,0.003807279,0.002761473,0.00746041,0.00488639,0.008396047,0.389453478,0.114302609,0.005190907,0.011741159,0.014795485,0.006095756,0.004767336,0.002915284,0.005523807,0.006101977,0.013762271,0.013451331
Case_7,27 months,-3 months,0.072946544,0.033892873,0.086837063,0.041619293,0.259782807,0.02836728,0.022479744,0.011278536,0.039664146,0.218447143,0.009901292,0.023940503,0.236465421,0.024070731,0.022189344,0.012249922,0.015098725,0.007812653,0.015901163,0.01057621,0.013218001,0.01313698,0.018012396,0.024738256,0.070678102,0.007418264,0.009308011,0.01908483,0.009055693,0.01208436,0.018879038,0.015724694,0.011578774,0.008168742,0.009698212,0.014970967,0.014966945,0.021293693,0.029654567,0.382114183,0.007031572,0.013683751,0.019018241,0.016704936,0.017016588,0.01223585,0.01302212,0.009152177,0.02284461,0.015273955,0.035851842,"1,556,645,455",0.464354136,0.014264756,0.027759651,0.042923172,0.022131719,0.015310139,0.009107378,0.01796808,0.019251912,0.045116683,0.043305972
Case_7,30 months,Onset,0.006405751,0.005819819,0.041925185,0.009396138,0.084916649,0.01118525,0.004513632,0.002614667,0.03239313,0.042207521,0.00213049,0.02402844,0.030134759,0.003907981,0.004142594,0.002194679,0.0029757,0.001488412,0.003202153,0.001992513,0.008473036,0.014254657,0.006162534,0.005706606,0.016490637,0.001636146,0.002462644,0.003884054,0.003865324,0.003777324,0.004493635,0.004814058,0.002717231,0.002155091,0.003555621,0.004485052,0.003585773,0.005161369,0.00357114,0.063831989,0.001426349,0.002950659,0.005670605,0.002750553,0.003309702,0.002209198,0.002220017,0.00174919,0.007985319,0.00244671,0.002000812,0.036845094,0.015865726,0.003206194,0.046869367,0.033528689,0.002924843,0.00254294,0.00171741,0.003556015,0.003803848,0.00789651,0.00784685
Case_8,12 months,-6 months,0.008850148,0.005467916,0.009748735,0.005001123,0.05535076,0.004369409,0.003534288,0.002068971,0.007813941,0.037176338,0.001771208,0.004338653,0.006021672,0.003774287,0.004616382,0.002992716,0.003510138,0.001872658,0.003302671,0.002656097,0.003406403,0.003417384,0.005240596,0.005889841,0.022004237,0.002051701,0.003014779,0.005725905,0.002388741,0.003350461,0.004650913,0.004096385,0.002767413,0.002012048,0.002557137,0.003922339,0.004734599,0.008862331,0.005288646,0.06853067,0.002020083,0.004552597,0.006556645,0.005076219,0.005972282,0.010877528,0.004646932,0.005189016,0.007004267,0.006298824,0.00359513,0.126678078,0.039593985,0.005049635,0.008806233,0.012166757,0.004003194,0.003031433,0.002202858,0.004261217,0.005017426,0.010640535,0.010130835
Case_8,15 months,-3 months,0.007248321,0.004426015,0.010879548,0.004336033,0.048061164,0.003901426,0.003285439,0.001795318,0.006743874,0.028200447,0.001679009,0.003788079,0.006049716,0.003998808,0.004157211,0.002745159,0.0031201,0.00169822,0.003093259,0.002424017,0.003121448,0.002987457,0.006133711,0.005844258,0.019360353,0.001900973,0.00255928,0.005484722,0.002345562,0.002969881,0.005583768,0.003783641,0.002671985,0.001989273,0.002431395,0.004171152,0.00811298,0.006650616,0.002894216,0.08151134,0.001866792,0.004001849,0.004747091,0.007933393,0.014295198,0.003685091,0.004866566,0.003190315,0.005993753,0.005426011,0.002875951,0.143704023,0.037244347,0.00345104,0.01013033,0.011934162,0.003799216,0.00285849,0.001958372,0.003925402,0.004558219,0.009585396,0.009577427
Case_8,18 months,Onset,0.008332961,0.004125619,0.015693697,0.004986491,0.050562483,0.004852903,0.003244584,0.002046046,0.014270582,0.031166118,0.001842335,0.012510378,0.013557184,0.004662248,0.004351099,0.002553003,0.003347496,0.001673942,0.003553269,0.002371123,0.003322691,0.005056744,0.007913805,0.006129845,0.019674548,0.001844859,0.003099469,0.005447603,0.002440804,0.003654079,0.005294493,0.003875044,0.002452447,0.001872802,0.002477074,0.003579046,0.004180082,0.028782243,0.002729384,0.063444117,0.001808348,0.003537683,0.004541467,0.003795722,0.004469402,0.002919561,0.004223846,0.004403065,0.005798648,0.006590321,0.004646895,0.350580959,0.106152389,0.004968322,0.01218482,0.01098769,0.005015613,0.002853781,0.001978577,0.00385554,0.004692739,0.009350611,0.010094466
Case_8,3 months,-15 months,0.024858345,0.014928257,0.044307086,0.018278661,0.578714083,0.106174928,0.012588908,0.011921327,0.33310762,0.075827877,0.007979101,0.016078831,0.021786235,0.014540025,0.022397214,0.012642127,0.019034525,0.012595114,0.01648866,0.013916252,0.018433534,0.018066615,0.026754556,0.038252483,0.165020819,0.035300573,0.0174653,0.041232002,0.023203153,0.015013225,0.12682013,0.067865367,0.013691142,0.012918076,0.017418016,0.02506687,0.030666514,0.055774128,0.039760577,0.203708968,0.014202727,0.055900427,0.169473316,0.032463092,0.036902646,0.029587299,0.040083432,0.03111896,0.08685672,0.059491249,0.043687995,0.345450458,0.185288977,0.03036272,0.068182945,0.070242687,0.352100305,0.032444319,0.022115399,0.037390993,0.045547806,0.102217488,0.094693712
Case_8,6 months,-12 months,0.031663775,0.018434934,0.119150888,0.023336588,0.292985045,0.040466562,0.018697315,0.01446596,0.037963773,0.07753058,0.008152275,0.018671341,0.027202201,0.016182512,0.035618484,0.029106254,0.018491672,0.010408763,0.018370087,0.01480414,0.023220755,0.024017355,0.028477467,0.0850026,0.251041408,0.014374845,0.054371847,0.034652239,0.01233863,0.023801315,0.027370101,0.024678396,0.019496692,0.01662762,0.021320941,0.057974855,0.043168953,0.065659255,0.042004965,0.199191015,0.014931306,0.029569577,0.044543996,0.028378283,0.035020175,0.059697928,0.034825177,0.023494693,0.09124245,0.042765475,0.049337508,0.290710459,0.110000528,0.028491519,0.081509266,0.072089102,0.039883555,0.02626217,0.019065653,0.035065535,0.038635089,0.184952084,0.106402187
Case_8,9 months,-9 months,0.004282512,0.003178516,0.008068126,0.003701944,0.03623414,0.004808551,0.002404626,0.001267125,0.008130357,0.01834416,0.001160765,0.005771894,0.027219138,0.002697791,0.002948255,0.001767951,0.002300886,0.001175615,0.001991755,0.001609123,0.002696858,0.00608737,0.005538682,0.004226862,0.016758247,0.001281803,0.002129057,0.004049569,0.001765889,0.002857741,0.004279949,0.002695847,0.001807333,0.001310318,0.001649492,0.002105132,0.00282688,0.020490436,0.002729693,0.064045591,0.001223451,0.002403713,0.003189929,0.002948547,0.016805665,0.014811198,0.002044464,0.00506531,0.004726678,0.003070501,0.0029731,0.154944691,0.049220437,0.003423056,0.009230481,0.006502168,0.00300909,0.002002637,0.001455451,0.002568706,0.002888739,0.006342926,0.006447763
Case_9,12 months,-18 months,0.009667348,0.006093174,0.012658958,0.006114141,0.043709645,0.004592355,0.003438311,0.002050417,0.008434227,0.046366758,0.001835955,0.004448469,0.028751665,0.004666019,0.005278598,0.002973839,0.003589263,0.001959287,0.003334681,0.002897242,0.003358836,0.003490267,0.004823099,0.005957703,0.019356381,0.002045324,0.002460266,0.006542907,0.002834175,0.00362838,0.00487275,0.004375239,0.002794419,0.002140482,0.002821435,0.004027655,0.004145954,0.005811015,0.002818912,0.033110848,0.001794913,0.003595103,0.006269415,0.00556257,0.007532949,0.007033953,0.003313423,0.002401288,0.007072413,0.003992552,0.003157356,0.291982666,0.073872803,0.00402914,0.00762143,0.016196587,0.004054342,0.003602353,0.002309402,0.004831387,0.005488211,0.012167206,0.01456408
Case_9,15 months,-15 months,0.037490037,0.023466741,0.103673868,0.044006392,0.331636552,0.040288778,0.025227363,0.016710062,0.058998895,0.192296999,0.013619636,0.038482534,0.038300438,0.023051146,0.032403761,0.018463571,0.025630549,0.013125378,0.022839078,0.017363165,0.024469782,0.022876318,0.031502575,0.045009245,0.125044769,0.013376618,0.017534074,0.037719825,0.014449155,0.017895569,0.026114874,0.030896693,0.015750698,0.014379783,0.017872118,0.024196279,0.070925668,0.049493703,0.024015301,0.172345126,0.013497871,0.028053866,0.028199582,0.025759021,0.031458744,0.021958517,0.025034099,0.018344688,0.047554484,0.028463808,0.03199368,0.587706109,0.182649175,0.020847635,0.048981993,0.065629144,0.026001057,0.025469616,0.02744704,0.035882351,0.04299665,0.073933284,0.078105699
Case_9,18 months,-12 months,0.007599468,0.004359411,0.013592262,0.005893668,0.050512698,0.005600391,0.003405562,0.002105383,0.014427031,0.032157004,0.001721188,0.012432159,0.013702845,0.003895975,0.004138064,0.002417642,0.003029153,0.001588164,0.003117662,0.002148913,0.004385894,0.00686819,0.012853594,0.005754941,0.017613047,0.001717908,0.002394113,0.006894835,0.002780522,0.003602952,0.004645319,0.004169878,0.002263085,0.002035343,0.002484878,0.0036616,0.003938833,0.011378829,0.007666152,0.042738229,0.001713295,0.003523799,0.006864027,0.003689717,0.004556817,0.00290331,0.003586626,0.002722908,0.00555527,0.004158854,0.002797443,0.112815839,0.040701136,0.002980418,0.007512491,0.013704118,0.004260251,0.003310343,0.002198919,0.004585644,0.004354803,0.011081698,0.01023119
Case_9,21 months,-9 months,0.005745057,0.003737272,0.011114434,0.00480096,0.045115092,0.004551032,0.003272027,0.002033429,0.012468555,0.028575776,0.00165516,0.009633212,0.108640952,0.004090351,0.003824015,0.002219214,0.002721583,0.001435517,0.002572748,0.001870887,0.003041117,0.007136703,0.006134724,0.005064682,0.014159364,0.001441984,0.001911733,0.004705319,0.002192636,0.00277562,0.003272591,0.002970511,0.001827422,0.001519025,0.001926673,0.002778902,0.002902919,0.030573741,0.002108518,0.043728959,0.001214001,0.002490393,0.003243161,0.002449204,0.003280298,0.002312328,0.002278144,0.002375394,0.003958677,0.002725201,0.0029286,0.280348857,0.079095559,0.002799979,0.006394744,0.007603738,0.002522486,0.002197274,0.001437742,0.002797347,0.003331422,0.007111526,0.007363047
Case_9,24 months,-6 months,0.005080712,0.002755774,0.013985186,0.003980495,0.03734982,0.00363505,0.002285153,0.001497359,0.012464602,0.027788395,0.001296879,0.007868057,0.018829228,0.00352339,0.003276741,0.001863952,0.002606569,0.001227464,0.002504693,0.001641791,0.003911369,0.007496214,0.00650804,0.00433049,0.012739987,0.001293825,0.001787572,0.00414569,0.002095242,0.002811192,0.00326166,0.002911083,0.001604351,0.001557623,0.004224668,0.003217131,0.002525131,0.026477519,0.002521459,0.024879271,0.001097511,0.002394176,0.00352788,0.002331814,0.002798334,0.001853653,0.002164989,0.002116187,0.004126135,0.002118103,0.001618907,0.036032757,0.014220426,0.002570696,0.009972499,0.012964214,0.002456885,0.002033981,0.001488744,0.003061992,0.003071366,0.007120479,0.006822494
Case_9,27 months,-3 months,0.020859368,0.00917129,0.019466364,0.009091462,0.079433278,0.007364279,0.007483793,0.003715183,0.015172839,0.068269944,0.003080828,0.00824396,0.009301068,0.006019902,0.006092174,0.003478013,0.00417877,0.002199204,0.004160779,0.002874613,0.003561757,0.003878331,0.005399663,0.007409685,0.021907663,0.002276443,0.003026048,0.006676402,0.003738369,0.003961873,0.005109332,0.004935167,0.003146182,0.002772849,0.003219597,0.004792161,0.004589224,0.006621081,0.003338945,0.09177795,0.002040053,0.004213402,0.005125795,0.004296624,0.004773699,0.003170736,0.004144614,0.002532091,0.007021507,0.003814428,0.003799978,0.237630761,0.071769228,0.005196516,0.018091347,0.030383055,0.004370005,0.004312833,0.00226419,0.005148124,0.005116549,0.014042782,0.011473433
Case_9,30 months,Onset,0.032699524,0.026305959,0.058696032,0.029728213,0.243474801,0.025434605,0.019048953,0.012552805,0.045494428,0.164569388,0.010147903,0.022689931,0.033086907,0.017685575,0.022130205,0.011893972,0.014808748,0.00779002,0.016438976,0.011221942,0.013099562,0.01367709,0.017967265,0.02459639,0.077537307,0.007665877,0.008962023,0.019096073,0.009073525,0.010662449,0.014748395,0.014440482,0.008854992,0.008208329,0.011303117,0.016991007,0.014113301,0.022315134,0.011816682,0.250162089,0.006297585,0.012834831,0.018121844,0.012291584,0.01473137,0.009724459,0.01017287,0.007845296,0.03926791,0.012588942,0.008420201,0.149295232,0.060777406,0.009326168,0.019179785,0.064525102,0.01109404,0.010075805,0.007005932,0.013918489,0.01479653,0.032344553,0.032439647
Control_1,12 months,-6 months,0.010525154,0.01011663,0.026070158,0.014946842,0.618425483,0.09416019,0.00885288,0.033828357,0.271114933,0.313476352,0.004686044,0.008619317,0.010712262,0.006942398,0.010792242,0.005628751,0.007251728,0.003767688,0.012917171,0.011446178,0.008785358,0.008213151,0.01350385,0.01310641,0.044060746,0.004684281,0.006431607,0.012347449,0.014954959,0.008232705,0.013874103,0.025899122,0.006182183,0.004450171,0.005828691,0.008440628,0.013444319,0.051568732,0.007054568,0.159371988,0.004524665,0.008044053,0.022765753,0.008807139,0.011037671,0.008429755,0.00716513,0.005443276,0.017857357,0.015627064,0.010877309,"3,723,048,722","1,114,452,377",0.015578731,0.036427841,0.033280429,0.031456587,0.008438822,0.007863077,0.015110018,0.018376636,0.07157057,0
Control_1,15 months,-3 months,0.067263146,0.020645647,0.069097835,0.032845746,0.482951591,0.029087547,0.073617266,0.017867743,0.058100755,0.32620057,0.013864527,0.03385733,0.029214352,0.016305152,0.022205058,0.013679375,0.017779981,0.008119687,0.014817775,0.020273708,0.015461279,0.015575059,0.021774249,0.023100483,0.092132719,0.011632052,0.010904096,0.046617176,0.008991994,0.013397097,0.025086459,0.101260455,0.012751556,0.010857272,0.017851588,0.032922793,0.091780301,0.087416784,0.021033054,0.131725027,0.006785938,0.028446233,0.021814518,0.029913989,0.025317946,0.010539042,0.014081089,0.009323754,0.022610813,0.013361648,0.027963405,0.342658226,0.115483083,0.00907283,0.024814189,0.028031239,0.012516332,0.008277459,0.007123739,0.013015435,0.011864069,0.023081865,0.022564612
Control_1,18 months,Onset,0.035348738,0.024681131,0.066361006,0.029634317,0.373738166,0.038437582,0.057373987,0.013836274,0.084105759,0.622314683,0.020850732,0.02763407,0.031279119,0.02019837,0.035880579,0.017952457,0.022169862,0.01168794,0.031683153,0.025469977,0.022808391,0.024541149,0.030024084,0.037459853,0.121300522,0.014983376,0.015942294,0.330717373,0.016129028,0.020041282,0.027950373,0.065404956,0.01453286,0.012645883,0.045359244,0.13454528,0.026585481,0.04773448,0.023111019,0.130975087,0.012240554,0.023101498,0.026590008,0.033134512,0.043993085,0.018056263,0.019376342,0.013112601,0.037593891,0.021899569,0.026986066,"1,009,199,327",0.254772395,0.022940986,0.051862385,0.06404568,0.033820024,0.021460545,0.017653863,0.042849898,0.042464824,0.102265158,0.126470867
Control_1,6 months,-12 months,0.045760872,0.072041033,0.05564381,0.025901847,0.276906063,0.024262835,0.038125993,0.013889747,0.04898656,0.158200327,0.022144893,0.080577907,0.062258726,0.034672115,0.04485912,0.025830566,0.032930371,0.017399329,0.030752259,0.024847202,0.031477987,0.03060016,0.041162412,0.050964205,0.143601334,0.015902034,0.01885952,0.035093675,0.017165176,0.021574791,0.032727132,0.031587679,0.014907617,0.013108198,0.015322359,0.020976622,0.021604923,0.030262877,0.017061246,0.186330802,0.009685001,0.018773384,0.019922304,0.016889605,0.021396233,0.015291724,0.01581095,0.011742504,0.030423037,0.015330356,0.010714877,0.068148788,0.047614015,0.011866854,0.027732519,0.136937317,0.015046942,0.013866522,0.009163831,0.018136345,0.017267534,0.030263454,0.026313943
Control_1,9 months,-9 months,0.032990141,0.020508935,0.07866382,0.032176607,"1,407,677,529",0.481867479,0.019433396,0.025385467,0.534080523,0.110034405,0.010867988,0.022261201,0.027849973,0.017464863,0.026452202,0.014502594,0.020762636,0.009491696,0.023303281,0.021995279,0.028034508,0.01833704,0.025174943,0.034754019,0.187073696,0.011011269,0.021264536,0.039448363,0.01379852,0.049056947,0.036076612,0.075644658,0.014175791,0.010770284,0.0128032,0.025071743,0.027505372,0.111932776,0.300128265,0.150905121,0.013989617,0.032059417,0.045789807,0.034982973,0.066278376,0.020109273,0.024666141,0.019949284,0.047737749,0.043290216,0.486765701,"1,231,411,783",0.541441104,0.094890283,0.096591211,0.062516184,0.02618203,0.019741333,0.031893736,0.024933456,0.025408147,0.046898159,0.045841929
Control_10,12 months,-6 months,0.024267236,0.009468635,0.01358925,0.005781664,0.055197161,0.004643095,0.005496308,0.002255353,0.008997979,0.036597592,0.002264065,0.00501923,0.006844339,0.004168171,0.004860191,0.002981005,0.003544692,0.001903481,0.003474291,0.002776783,0.003419308,0.003749647,0.005488716,0.00647118,0.019586851,0.002082777,0.002561306,0.006853184,0.00261514,0.003400167,0.006999259,0.00495767,0.003106458,0.002193358,0.002842544,0.004033555,0.004340577,0.005909746,0.003079217,0.072867643,0.00199499,0.004474344,0.006635953,0.006787036,0.013621371,0.011143596,0.004617906,0.004769148,0.007263968,0.021361737,0.003570162,0.125136158,0.056180903,0.00828903,0.036645341,0.011531261,0.003996958,0.003769736,0.00226763,0.00490049,0.005279222,0.010285291,0.009905071
Control_10,15 months,-3 months,0.007997116,0.002246828,0.010196667,0.003145306,0.02825232,0.002531404,0.001930988,0.001170263,0.005502881,0.029070693,0.000990533,0.003454544,0.008517007,0.001917287,0.002514944,0.001529432,0.001890397,0.000982246,0.00175566,0.001383283,0.001831575,0.003960094,0.003657739,0.003497143,0.010796766,0.001100266,0.001426996,0.003362193,0.001468232,0.002274124,0.002824296,0.002383977,0.001369921,0.001207606,0.00165943,0.00268246,0.004319292,0.010904004,0.002105436,0.126977408,0.001349484,0.002325945,0.002479095,0.004395517,0.004328029,0.002090659,0.002533039,0.013987807,0.004078975,0.00307629,0.001661969,0.065568984,0.025452653,0.003135752,0.007880465,0.00708096,0.002599481,0.001781542,0.001305565,0.002704546,0.003053326,0.00675156,0.00645057
Control_10,18 months,Onset,0.027886942,0.024360463,0.027098341,0.013648298,0.110842035,0.010142856,0.011045449,0.004473722,0.015368004,0.070619879,0.003726349,0.00806374,0.012376125,0.012336757,0.010206931,0.005944,0.007269806,0.003909345,0.007060011,0.005517881,0.006884962,0.006810855,0.010702934,0.01295505,0.040245844,0.004220047,0.005060035,0.011877631,0.005065145,0.006375977,0.01276814,0.009209065,0.004615042,0.004006072,0.005452537,0.007163444,0.007081946,0.009890207,0.006756129,0.145829009,0.003540713,0.007520962,0.009045586,0.008273503,0.01019019,0.006152869,0.010537644,0.00908845,0.011530985,0.011642161,0.006434976,0.594586274,0.207684912,0.012329112,0.020919946,0.020294445,0.006747098,0.006293341,0.004054307,0.008217063,0.008915947,0.020173062,0.021254416
Control_10,6 months,-12 months,0.54779349,0.006134832,0.018743623,0.007788103,0.07134245,0.007005421,0.005292682,0.003258772,0.011260785,0.135004953,0.003459188,0.00609833,0.010384252,0.005640973,0.007774541,0.004662405,0.005728062,0.003187291,0.005574697,0.00466527,0.006241235,0.005909073,0.007979577,0.010452182,0.038871376,0.004058777,0.004795091,0.010848659,0.00458659,0.006380125,0.011046895,0.01073985,0.005638873,0.004551201,0.006802496,0.007358044,0.010619264,0.01689121,0.00587449,0.087575901,0.006172434,0.007744552,0.077883212,0.00844847,0.011969621,0.008632787,0.007389876,0.004629522,0.014079978,0.010674357,0.007243007,"1,035,603,059",0.427166592,0.011050298,0.033885666,0.022625793,0.019598788,0.007826613,0.004931829,0.008993647,0.010666693,0.028666684,0.028199991
Control_10,9 months,-9 months,0.01381588,0.010408844,0.024253492,0.011086972,0.076270525,0.008834411,0.005865488,0.003512295,0.012458322,0.061718262,0.003441839,0.007761506,0.010684924,0.006584541,0.008506428,0.00490987,0.00606461,0.003282537,0.005549468,0.004435705,0.005660574,0.005736694,0.008202463,0.010683456,0.032306496,0.00360025,0.00414184,0.012111766,0.004841685,0.005701865,0.010276796,0.008174142,0.005402335,0.004165329,0.004855516,0.006346977,0.006975211,0.009458981,0.008815888,0.072557316,0.003307171,0.007282602,0.009121241,0.008952055,0.01237377,0.017306019,0.005925189,0.006509359,0.01264184,0.008462927,0.005456498,0.239306799,0.092766856,0.012197159,0.018858855,0.02062317,0.007903569,0.00589312,0.004125501,0.008351119,0.009739795,0.022971244,0.018937924
Control_2,12 months,-12 months,0.004923843,0.004227159,0.011646969,0.016381934,0.10615206,0.005213486,0.009733511,0.002564827,0.008250995,0.047102394,0.005216378,0.004898758,0.004889415,0.003085854,0.004439104,0.002561691,0.004061991,0.001583336,0.004565458,0.002302148,0.005497306,0.00363703,0.005007589,0.007765101,0.019652508,0.00194564,0.002721687,0.004752252,0.003074128,0.008204799,0.008216564,0.010156614,0.00308165,0.002516782,0.003100588,0.003942602,0.009051474,0.04668831,0.007709751,0.075440944,0.002360204,0.004120882,0.014502438,0.005192648,0.009145737,0.05361659,0.007331721,0.008878781,0.018792831,0.015784754,0.019312098,0.065673789,0.025049688,0.004684199,0.019796824,0.014062804,0.004895464,0.003809767,0.002355843,0.004828874,0.00706344,0.014796563,0.011015435
Control_2,15 months,-9 months,0.029127345,0.041875927,0.066542675,0.036116201,0.889762493,0.133056191,0.200173412,0.014350129,0.200908504,0.817049893,0.018012357,0.033194656,0.031754332,0.020537517,0.129226008,0.026461189,0.022961179,0.013694979,0.05714617,0.038362099,0.02159387,0.025525058,0.028685967,0.040108329,0.225666006,0.057588367,0.023222809,0.058080375,0.016436891,0.045597836,0.051743753,0.084606448,0.013961226,0.012108605,0.05070031,0.178133145,0.047752534,0.033209848,0.018016283,0.165178316,0.010872498,0.027836783,0.025767943,0.022808995,0.043301367,0.019511168,0.027647363,0.021988316,0.063067842,0.042389272,0.156246078,"3,499,836,909","1,134,585,317",0.036495732,0.143382147,0.095929716,0.602095712,0.019875353,0.014410209,0.028344263,0.029414815,0.060181748,0.062719383
Control_2,18 months,-6 months,0.040020574,0.02694804,0.121766165,0.029539562,0.949729813,0.077369543,0.034653381,0.049126069,0.281113209,0.16472476,0.013690917,0.03207391,0.032585032,0.019423947,0.027426709,0.015567538,0.0195053,0.010763497,0.018099194,0.01466833,0.023098138,0.022350787,0.02684103,0.034066444,0.108057297,0.011298386,0.017479839,0.048005337,0.018328002,0.022880261,0.030701563,0.040650402,0.031541786,0.014837347,0.017058945,0.021350385,0.028057975,0.035263982,0.050682205,0.183645363,0.011541429,0.031766154,0.033700754,0.024787047,0.044234931,0.020253221,0.023786823,0.023327133,0.068357216,0.063027155,0.02811706,"1,713,773,417",0.444132422,0.025138336,0.121218309,0.069449302,0.030136866,0.027764965,0.018974292,0.029096941,0.03084505,0.071865267,0.073790579
Control_2,21 months,-3 months,0.196310541,0.007286786,0.028300032,0.006699583,0.058778218,0.005979955,0.007304851,0.002005417,0.01282417,0.110362883,0.001583194,0.015166729,0.030226653,0.003570587,0.003828643,0.002302774,0.002897574,0.001516251,0.002562023,0.002043743,0.002655615,0.00289403,0.005080626,0.008233184,0.017360252,0.001712249,0.002049751,0.012790689,0.002766208,0.003343138,0.005209608,0.003854909,0.003155865,0.002232718,0.002413628,0.003572225,0.003690882,0.00485856,0.002826618,0.10828713,0.002266381,0.004261729,0.005249188,0.006360845,0.012095099,0.008401333,0.003381532,0.003697915,0.007486063,0.004297534,0.013042092,0.42837405,0.107170684,0.005335172,0.017172003,0.009949338,0.02441534,0.003958928,0.00211132,0.004223293,0.004428088,0.008830224,0.00840474
Control_2,24 months,Onset,0.039851595,0.041827877,0.08906903,0.046962945,0.892799791,0.042859497,0.246881935,0.022158991,0.103272962,0.219699493,0.022535232,0.034864148,0.037201227,0.02280496,0.032804699,0.018426991,0.023384601,0.011523786,0.023407913,0.016474994,0.023584797,0.023462336,0.027537444,0.034454851,0.127759041,0.022387081,0.016082926,0.02901895,0.014878024,0.016371942,0.025434934,0.188641914,0.013791773,0.011207162,0.013828879,0.019636561,0.030767729,0.030319408,0.02915007,0.177127928,0.010567448,0.038621955,0.025584374,0.019836267,0.027969025,0.018157334,0.019390807,0.015388522,0.033285532,0.033670154,0.103320395,"4,741,943,548","111,455,216",0.026554697,0.044985197,0.063998755,0.085890387,0.017337516,0.013415102,0.026412412,0.027812768,0.067613237,0.071875717
Control_2,6 months,-18 months,0.010214685,0.007518194,0.018892509,0.013978795,0.151906667,0.013491161,0.008337423,0.004564758,0.014757771,0.120577524,0.004886393,0.008855375,0.010501048,0.005875881,0.008182841,0.004951914,0.00689908,0.003599884,0.006361157,0.005612431,0.006802892,0.006906817,0.008669847,0.011745885,0.036551442,0.003526783,0.005094878,0.013134481,0.004420325,0.007082999,0.008803559,0.00907337,0.006163239,0.004207221,0.00549153,0.007695795,0.007112078,0.010573539,0.005001908,0.097218032,0.039377996,0.010090819,0.011799119,0.009927905,0.014352714,0.014661485,0.009639527,0.015530424,0.031162511,0.075110087,0.010019288,"2,045,913,806",0.556309888,0.010850598,0.041770274,0.029528028,0.016249269,0.008326606,0.00627683,0.012250671,0.012960613,0.037771624,0
Control_2,9 months,-15 months,0.017084602,0.011223,0.031864744,0.016148211,0.147977568,0.015374967,0.011434421,0.007894257,0.032225765,0.058744011,0.006505678,0.014236247,0.017948777,0.011258359,0.024582076,0.014450731,0.044395709,0.017290167,0.017450631,0.114059508,0.017386946,0.018160991,0.08710607,0.037689257,0.083581449,0.008754973,0.009858646,0.019475065,0.013510696,0.01832252,0.023563448,0.027287947,0.015610251,0.016902781,0.023216769,0.037307908,0.025833011,0.048641981,0.033314487,0.148979464,0.012041389,0.015496921,0.018256208,0.016539166,0.022775207,0.016578287,0.012134285,0.008510309,0.027600007,0.01293577,0.010761898,0.044608815,0.054230439,0.014189134,0.035400666,0.0363666,0.02200677,0.013296846,0.013079638,0.023549753,0.023630157,0.048708004,0.042789475
Control_3,12 months,-12 months,0.028412224,0.008208154,0.023092479,0.013369228,0.20493709,0.025545605,0.007122264,0.051287668,0.034078583,0.087468917,0.013856202,0.028421051,0.010412107,0.005808409,0.008163125,0.004695969,0.006956677,0.003383287,0.005352625,0.004225867,0.008016065,0.007282628,0.009080758,0.011622555,0.038809336,0.003230967,0.005116606,0.008441122,0.00787944,0.012663976,0.016868561,0.011823081,0.005291164,0.004052241,0.005255147,0.00728591,0.007931568,0.013997536,0.006265694,0.155897466,0.004736391,0.007671304,0.013841498,0.008401314,0.010164934,0.014930317,0.008032993,0.007506545,0.01603482,0.009543912,0.008431103,0.259891571,0.083318768,0.009514704,0.022085744,0.017640839,0.051692064,0.00436094,0.003129285,0.006174385,0.007520418,0.013321408,0.012423663
Control_3,15 months,-9 months,0.074682585,0.11522032,0.092173873,0.140417314,0.675843928,0.018645113,0.034302105,0.011260248,0.051093133,0.116125342,0.017779897,0.020907882,0.032228472,0.01684623,0.077866499,0.032925323,0.02194416,0.012823394,0.014538873,0.013840427,0.038504752,0.025847599,0.031045637,0.091275397,0.506564847,0.023761786,0.050092805,0.045477549,0.141507187,0.015434931,0.019659166,0.018854921,0.241174866,0.078754888,0.545066463,0.088744117,0.120608654,0.097203358,0.020434357,0.189290319,0.019734708,0.02689146,0.034812611,0.039101753,0.045816521,0.024075769,0.053272816,0.01500589,0.042827659,0.024605373,0.088419536,0.203128362,0.100810906,0.01975275,0.031869638,0.049315235,0.015982112,0.016279999,0.012510351,0.018415081,0.019844827,0.035691025,0.03077618
Control_3,18 months,-6 months,0.031780513,0.047359806,0.073674294,0.036344462,0.835070681,0.111918298,0.027185581,0.129730595,0.185410336,0.493622148,0.00926412,0.045626716,0.030601437,0.021160819,0.046189848,0.017749792,0.023168127,0.029758421,0.050207097,0.017715862,0.02393085,0.020315806,0.032229802,0.07243365,0.369547784,0.018191683,0.043685921,0.076584241,0.019917723,0.048120225,0.136522697,0.157618825,0.033728333,0.105819691,0.025432584,0.031173068,0.0270814,0.072597688,0.178299482,0.17914668,0.011675527,0.068334656,0.034674558,0.023708409,0.031278812,0.018510177,0.019339821,0.012873141,0.072282514,0.036645817,0.076130691,"1,238,704,454",0.339776068,0.019044558,0.055674245,0.086912989,0.021418338,0.018840648,0.017735084,0.025311872,0.023785199,0.042046712,0.037883092
Control_3,21 months,-3 months,0.00298317,0.013855251,0.015094066,0.008073428,0.198945248,0.005252601,0.003971214,0.005019578,0.128079169,0.035708503,0.005513915,0.008604858,0.005635521,0.003111614,0.004070499,0.002191399,0.002802019,0.001645076,0.002547465,0.001882758,0.041072886,0.011294472,0.00639327,0.005838864,0.0169018,0.001532443,0.002874982,0.00452375,0.003750422,0.004442082,0.006623394,0.01125827,0.002510095,0.00196254,0.002494238,0.003259636,0.003738965,0.005660676,0.00330934,0.088598307,0.0013112,0.003166363,0.003895012,0.003251009,0.004691357,0.003728895,0.002557869,0.001628479,0.005270847,0.003419408,0.003850877,0.181765472,0.048614841,0.003383692,0.007690872,0.009069191,0.00453567,0.002657283,0.002427158,0.002911263,0.005263222,0.006917866,0.005364786
Control_3,24 months,Onset,0.008035255,0.013849829,0.028403724,0.010827837,0.155159398,0.00840719,0.036110973,0.013403495,0.021642643,0.036917422,0.005811233,0.023548434,0.015307778,0.0064627,0.006787248,0.003884702,0.005037534,0.002733719,0.004407759,0.003514221,0.006423333,0.015145085,0.024256975,0.012439708,0.028453862,0.003573245,0.003522801,0.007687462,0.020118784,0.07052723,0.021056447,0.012253096,0.059906095,0.005465731,0.005774038,0.007408193,0.008167028,0.009246152,0.004216235,0.130327234,0.003523614,0.010338281,0.010035167,0.024721831,0.010127997,0.010419506,0.006509742,0.003674721,0.00967485,0.008861264,0.003798702,0.01955,0.015795362,0.00554228,0.034651038,0.022610473,0.004664781,0.003852791,0.008639099,0.004710752,0.004727055,0.008653119,0.004480026
Control_3,6 months,-18 months,0.009527592,0.008454049,0.025554503,0.010008593,0.077638884,0.007962151,0.00719687,0.003180335,0.013573015,0.083715672,0.005588133,0.00713545,0.039265929,0.005882186,0.006720048,0.003855971,0.004998836,0.00283529,0.005854871,0.003779686,0.005038538,0.004770458,0.006784853,0.009274824,0.029511282,0.002900437,0.003823785,0.010620978,0.004486307,0.005842853,0.019277085,0.006859826,0.004319439,0.003226043,0.004592257,0.006237562,0.008702827,0.007550257,0.004718488,0.147129349,0.003925769,0.006080346,0.007144437,0.005577726,0.009936071,0.006082915,0.005419581,0.004416399,0.01484696,0.010496329,0.005363931,0.580931806,0.161147383,0.005225849,0.060175236,0.015710723,0.144311827,0.00511894,0.003598971,0.005596298,0.005699515,0.01051469,0.009547227
Control_3,9 months,-15 months,0.003564265,0.004566714,0.010043697,0.004554889,0.071782711,0.002726691,0.003347813,0.003837495,0.031774852,0.018959964,0.004535308,0.006822034,0.003972764,0.002477555,0.003352052,0.002030893,0.002667812,0.001454609,0.002223785,0.002220526,0.0045593,0.003569714,0.004041638,0.005000023,0.015931296,0.00114574,0.003207007,0.005247307,0.00255849,0.002718471,0.009982667,0.004196807,0.001770437,0.001435403,0.00175369,0.002185616,0.002683887,0.030476667,0.002856489,0.079985255,0.002647494,0.004031406,0.005750027,0.005875756,0.008863397,0.00707763,0.003562122,0.00714573,0.00642034,0.006085572,0.003183713,0.197847622,0.082632118,0.005529331,0.025673033,0.010696385,0.005049546,0.004194689,0.002742325,0.004013787,0.003721832,0.007534599,0.007469948
Control_4,12 months,-6 months,0.038032887,0.027883303,0.073099332,0.029897944,0.773080009,0.026608246,0.106170478,0.015841707,0.152581937,0.650691838,0.013519697,0.033455551,0.029860243,0.019001568,0.030832662,0.024068533,0.024210928,0.013644064,0.08135867,0.025496707,0.024759995,0.026709582,0.029051374,0.035868427,0.168175957,0.0194293,0.021239192,0.06540616,0.016328931,0.048418308,0.042049492,0.123778143,0.016448902,0.013148294,0.041001751,0.050811963,0.03493691,0.039307589,0.027902991,0.175972236,0.009932194,0.042316845,0.021816413,0.020318247,0.022794401,0.015196044,0.016549051,0.023685695,0.032735846,0.016826962,0.022810334,0.541755295,0.197532378,0.018131397,0.130130928,0.06546928,0.024023628,0.014553044,0.01115739,0.022271803,0.022057438,0.047788162,0.055996891
Control_4,15 months,-3 months,0.027327092,0.029462256,0.074105052,0.054290029,0.619522556,0.033246731,0.192532345,0.016206864,0.080436934,0.17971434,0.017062186,0.029356756,0.027082213,0.015880811,0.022669386,0.013152984,0.016844572,0.008376492,0.015309495,0.011804823,0.016675465,0.017950577,0.020661857,0.02643133,0.10846197,0.010901367,0.015067671,0.026462193,0.009807178,0.012826431,0.029454057,0.199764027,0.01373243,0.011235698,0.016196541,0.019740104,0.02341856,0.033828649,0.037034083,0.136850181,0.007976737,0.027031958,0.019722631,0.014993952,0.017622154,0.013016879,0.026205808,0.011735829,0.032801618,0.022674353,0.066490228,"2,696,674,344",0.738291469,0.019884325,0.046860814,0.040308465,0.103559623,0.010902453,0.008788401,0.016052761,0.016856831,0.037635712,0.039447741
Control_4,18 months,Onset,0.037143919,0.031686881,0.0714532,0.034597783,0.527771633,0.078613094,0.097982747,0.014924927,0.112273338,0.772747259,0.015843698,0.030088302,0.034406866,0.022185687,0.034230918,0.01944574,0.024035109,0.012643644,0.028217484,0.021500675,0.024383985,0.028671197,0.031302246,0.039293663,0.142773835,0.0193813,0.017739901,0.047608272,0.014923048,0.028283943,0.030098987,0.055164454,0.015604973,0.014008956,0.042573954,0.124117786,0.026341106,0.037020973,0.021096189,0.142233311,0.012296117,0.025077374,0.024228882,0.021145179,0.026959382,0.018238799,0.023392241,0.013605495,0.036939098,0.023502275,0.104057717,"285,118,005",0.718152165,0.025789559,0.120476988,0.063604099,0.191503382,0.021619248,0.016404962,0.032901885,0.038491518,0.089440916,0.103840524
Control_4,6 months,-12 months,0.02362269,0.039667043,0.071358471,0.031763324,0.617242761,0.062758548,0.023875058,0.053251804,0.162279099,0.098249227,0.009179757,0.019275381,0.022340136,0.014858699,0.022695126,0.012118734,0.016412266,0.007446633,0.013358713,0.01214532,0.016584203,0.012868298,0.018023854,0.023805528,0.122933444,0.008616131,0.026787978,0.040703962,0.010750534,0.079631276,0.105268927,0.043824279,0.013194949,0.011404321,0.034211837,0.097742046,0.028196916,0.036329554,0.018207306,0.08127881,0.007782602,0.018331463,0.01746589,0.013203652,0.020964903,0.010655887,0.011272947,0.012545843,0.01956692,0.012032002,0.018882221,0.237007781,0.108113121,0.009373837,0.020835222,0.029567787,0.011750806,0.009396872,0.010150456,0.014537575,0.01483137,0.032591676,0.031814406
Control_4,9 months,-9 months,0.029087821,0.037295357,0.091807509,0.046451993,0.830369886,0.120756683,0.064927952,0.023489243,0.227466816,"1,847,418,604",0.023810417,0.030799408,0.036527503,0.019531855,0.031691969,0.016068224,0.019624367,0.01246708,0.039937719,0.020361253,0.022924913,0.028044297,0.025490088,0.031780286,0.140863495,0.016585685,0.021727878,0.04173038,0.018517454,0.105366686,0.050705122,0.106333541,0.017893587,0.014782518,0.148005343,0.127464928,0.045963323,0.099511194,0.026754013,0.159863116,0.013139827,0.028585881,0.03420743,0.058938619,0.152811933,0.018023957,0.018617207,0.014872051,0.038892181,0.023776928,0.042087519,0.630640203,0.263693955,0.016233933,0.136065792,0.048634904,0.090686059,0.013715162,0.009932275,0.020851803,0.021239784,0.042765314,0.04937519
Control_5,30 months,-18 months,0.011946441,0.006160367,0.022734474,0.007193848,0.06019112,0.00617199,0.004842754,0.002469287,0.01269142,0.070864486,0.002223075,0.00554266,0.007708008,0.00415742,0.005448122,0.002862943,0.003789048,0.001913535,0.005823992,0.002704138,0.003622504,0.008297112,0.005771502,0.007365532,0.023636779,0.002372289,0.002779995,0.006589494,0.003908737,0.00455969,0.006405516,0.005811745,0.004611029,0.002707103,0.00368152,0.004207347,0.004635185,0.006089769,0.003458907,0.06415538,0.002186144,0.004610202,0.005552909,0.005212429,0.005713114,0.003608404,0.003522146,0.002805879,0.007465688,0.004109821,0.003411853,0.06980044,0.022340563,0.003868826,0.008170164,0.015247155,0.004175066,0.005322325,0.002945023,0.005507916,0.005880099,0.011901308,0.010963069
Control_5,33 months,-15 months,0.007001391,0.008576658,0.015973038,0.007189366,0.077151746,0.006230523,0.004453317,0.002922272,0.029289661,0.116950015,0.003691268,0.011493474,0.021673512,0.005125563,0.00572919,0.003278094,0.004146441,0.002191352,0.00354749,0.00280659,0.003520692,0.003732233,0.005527056,0.00718151,0.022117546,0.002218091,0.002794854,0.012083512,0.002941845,0.003897407,0.005657631,0.004961475,0.003578163,0.002445874,0.003009494,0.003941934,0.004236292,0.006309883,0.003265658,0.095210694,0.002157791,0.00444168,0.005285113,0.004736658,0.005718529,0.003621511,0.004027588,0.003069061,0.007250552,0.005488483,0.004971621,0.466336729,0.115277175,0.005751541,0.022462695,0.014251812,0.021413227,0.004794567,0.002978954,0.005690625,0.006256774,0.014403763,0.013049857
Control_5,36 months,-12 months,0.019820657,0.011060144,0.033540092,0.016053389,0.116701769,0.013407675,0.008723174,0.005697487,0.019627221,0.134290465,0.00529787,0.01205451,0.01865783,0.011904018,0.01436075,0.007027501,0.00920064,0.004824727,0.022864585,0.007884569,0.008921061,0.023536285,0.015913106,0.017640454,0.048362684,0.00528995,0.0060272,0.013304983,0.006417998,0.008721888,0.011325693,0.01089998,0.006157649,0.005214042,0.007384661,0.009469978,0.009456844,0.012888451,0.007339361,0.121325314,0.004701896,0.009113896,0.009983306,0.008769822,0.011547027,0.007933316,0.007453263,0.007493268,0.01755236,0.008356516,0.00673898,0.087798256,0.040173797,0.007230984,0.014971744,0.060542725,0.010161718,0.008524166,0.006914226,0.013583787,0.018126445,0.031366836,0.029324568
Control_5,42 months,-6 months,0.013171152,0.007003272,0.021013983,0.009657299,0.074788457,0.008038558,0.005556177,0.003646442,0.013214838,0.100230279,0.003361079,0.007095794,0.009762566,0.006672387,0.008730844,0.004478795,0.005954476,0.003110116,0.008882934,0.004559391,0.00563985,0.007970315,0.008588092,0.010424143,0.033435778,0.003506972,0.004218084,0.008704596,0.004651758,0.006041291,0.007736348,0.007474573,0.004469845,0.003943993,0.007440938,0.0084397,0.008776212,0.01217232,0.005619242,0.066612891,0.003443641,0.006895566,0.007123283,0.005937244,0.007732123,0.005218366,0.005086126,0.003524254,0.015187391,0.005356696,0.004166664,0.04124251,0.021522914,0.00518369,0.011376918,0.06061256,0.006530291,0.005581425,0.005116607,0.008706515,0.009163979,0.020285076,0.018809271
Control_5,48 months,Onset,0.344488965,0.045417979,0.055555412,0.027071306,0.344705634,0.027262394,0.048589813,0.013891837,0.049092229,0.278808588,0.023723652,0.037493416,0.057400123,0.024938225,0.032479441,0.017116017,0.020637704,0.010517858,0.020246243,0.012354968,0.01609608,0.016290026,0.021611828,0.028403523,0.079036444,0.008526061,0.010901286,0.056403944,0.00834734,0.010909889,0.018352919,0.017121513,0.012529744,0.008614364,0.010117029,0.012484039,0.017292306,0.019605773,0.01134782,0.320903743,0.006473133,0.012165026,0.015090047,0.011694049,0.020030664,0.011318188,0.018252906,0.013066558,0.020493708,0.013051314,0.011888518,0.150568864,0.081676336,0.010893803,0.018116127,0.029483977,0.010229329,0.009020312,0.00612521,0.011477303,0.012046294,0.024974313,0.023339448
Control_6,12 months,-12 months,0.132088583,0.080046937,0.145770126,0.071434393,0.599353927,0.058887155,0.062121657,0.027769717,0.098973151,0.470697869,0.02524745,0.058468625,0.159643576,0.052253533,0.053231136,0.029388017,0.038507644,0.019865259,0.033622196,0.026054118,0.031928344,0.032769591,0.044252251,0.057217653,0.180420611,0.018803483,0.022781283,0.041587766,0.018781951,0.02411057,0.034899985,0.032186632,0.023347395,0.017704213,0.020558927,0.028023579,0.032571034,0.046623395,0.021655141,0.558382388,0.016041885,0.029842301,0.035186652,0.035028002,0.037641982,0.025522628,0.029939155,0.019835616,0.053542964,0.036416029,0.027426563,"1,259,982,406",0.348731972,0.02814486,0.060333811,0.089824899,0.03847457,0.032330863,0.020783848,0.042278206,0.053191702,0.151405018,0.120290433
Control_6,15 months,-9 months,0.034745051,0.021175038,0.06496205,0.029747884,0.264161329,0.02528493,0.020215696,0.015287401,0.055305131,0.196798172,0.012803266,0.028493277,0.053624728,0.022606769,0.024504024,0.013449934,0.016781657,0.008798405,0.016177228,0.011802907,0.014282083,0.014551079,0.020875495,0.025797727,0.079894106,0.008609459,0.010112317,0.020483718,0.00884996,0.011934605,0.015598112,0.014676599,0.009053879,0.007936005,0.010441077,0.015714143,0.014611567,0.020548,0.011280252,0.259525513,0.007161498,0.013526396,0.017375457,0.015276864,0.017651048,0.011231379,0.018703081,0.008123779,0.024430942,0.013679055,0.010486986,0.210243854,0.07695541,0.01093248,0.021500027,0.048584087,0.015523915,0.012200673,0.008827011,0.017970024,0.02110151,0.043917308,0.04321648
Control_6,18 months,-6 months,0.102402348,0.031474821,0.0920849,0.049333663,0.457455432,0.047184561,0.036035983,0.024550656,0.085572902,0.449829106,0.025741003,0.066204607,0.1079569,0.04422613,0.048569596,0.026495746,0.031540583,0.016092779,0.029519501,0.021143985,0.025577092,0.025831074,0.034317554,0.048822855,0.134396841,0.014706903,0.016969753,0.032539628,0.01569901,0.019417171,0.02597288,0.02527729,0.01562714,0.015178134,0.019335232,0.025046362,0.027307652,0.036565816,0.018832726,0.699303118,0.012910303,0.024598121,0.031092621,0.039879739,0.036189715,0.020569547,0.022976365,0.016810682,0.041878744,0.022206956,0.023305266,0.813655008,0.216688597,0.021851321,0.042454931,0.081159112,0.028231259,0.027277298,0.016631801,0.033162201,0.036771518,0.079509883,0.072692241
Control_6,21 months,-3 months,0.110267909,0.017547214,0.04505246,0.018044142,0.136421493,0.012938814,0.010130268,0.006231913,0.035019748,0.136103712,0.005571919,0.016208339,0.026607926,0.011632043,0.012607248,0.007529001,0.009236756,0.00486433,0.008137926,0.006447168,0.00824232,0.008547441,0.012416904,0.018024783,0.048448068,0.004989096,0.006053692,0.013667983,0.008147809,0.010064278,0.013631564,0.011615972,0.006773788,0.005840491,0.006662342,0.011954796,0.019498425,0.021611469,0.0074476,0.201365551,0.005602586,0.011311745,0.015218406,0.019821431,0.012725773,0.012107108,0.008710109,0.019047251,0.020043771,0.01473222,0.008123384,0.437106191,0.165234081,0.01007362,0.029756293,0.032298755,0.019726012,0.008066142,0.006074949,0.011423886,0.013359547,0.0292501,0.02826233
Control_6,24 months,Onset,0.032629754,0.024851848,0.055656327,0.028028142,0.202695181,0.022407137,0.019397139,0.008773084,0.029540105,0.13532305,0.007120102,0.016259587,0.030721426,0.016492905,0.018864495,0.010485623,0.013202652,0.006965576,0.012026242,0.009588035,0.011733607,0.012343237,0.016448218,0.026567424,0.078896595,0.008134946,0.008484582,0.017945989,0.007985396,0.01076045,0.014171575,0.01386971,0.008670275,0.007117859,0.008887981,0.013395889,0.014334113,0.020449075,0.010666598,0.232352901,0.006470031,0.011720171,0.022428465,0.016143225,0.016759159,0.012013661,0.015417677,0.013965748,0.033971951,0.021697574,0.137251594,"1,775,889,949",0.529012976,0.025779343,0.050410098,0.044217568,0.115679877,0.022144338,0.007177766,0.013787625,0.015015506,0.045578319,0.032551305
Control_6,6 months,-18 months,0.025428279,0.015471896,0.034234176,0.015561036,0.118319961,0.012157893,0.01022513,0.005531955,0.022290716,0.069057201,0.004992867,0.013594129,0.248374167,0.012137533,0.012725958,0.007423627,0.00890717,0.004802318,0.007969338,0.006331137,0.008058383,0.008835266,0.016523187,0.01443081,0.05256202,0.004636,0.005733161,0.014066339,0.005797299,0.007233161,0.013329504,0.009093427,0.00687139,0.004836459,0.005735168,0.007608035,0.008977851,0.011836469,0.007350112,0.075152354,0.004234502,0.008453879,0.009004627,0.007858673,0.011654119,0.008277669,0.006854335,0.008174311,0.014167163,0.009166261,0.005270494,0.106817757,0.041093746,0.005823925,0.013739075,0.020690659,0.012956624,0.00554349,0.004171416,0.008166791,0.009423819,0.021020313,0.020219378
Control_6,9 months,-15 months,0.137415176,0.004937744,0.012830321,0.00650762,0.050409584,0.004561619,0.003920329,0.002195621,0.009286563,0.037891317,0.002003677,0.004783353,0.010783296,0.004472107,0.007685567,0.003294659,0.0036932,0.001952268,0.003369147,0.00263958,0.003392241,0.003578582,0.005414909,0.008793478,0.020572613,0.002251166,0.002602313,0.006621096,0.003060499,0.004199465,0.007376574,0.004941115,0.003515291,0.002551915,0.003335982,0.007264753,0.011614931,0.007153815,0.003463198,0.176114245,0.002792341,0.006293822,0.006136528,0.00633325,0.007183921,0.005936107,0.007398872,0.009489515,0.01043098,0.00820876,0.007277502,0.468822189,0.233640329,0.016645478,0.185625741,0.020359616,0.013065856,0.007078019,0.002872085,0.074363647,0.006687197,0.01280175,0.012091956
Control_7,12 months,-18 months,0.01052499,0.006456056,0.026946033,0.012604823,0.190154391,0.010302937,0.006689747,0.004346056,0.022436432,0.066808431,0.003336707,0.023818751,0.029304664,0.005989895,0.007060121,0.004046392,0.005226526,0.002668872,0.004820239,0.003528915,0.005452673,0.007667631,0.013141977,0.009973065,0.034868712,0.003009526,0.003545698,0.008419627,0.004107932,0.005461781,0.010049477,0.00604826,0.003857276,0.003089534,0.00450761,0.006085839,0.005865426,0.012527736,0.005673406,0.104151371,0.002407603,0.005523146,0.008376966,0.005013324,0.008733194,0.004353579,0.005241204,0.004068448,0.011640072,0.006824605,0.006612715,0.151181468,0.047798808,0.004221136,0.010229948,0.021498446,0.005692711,0.004000019,0.002835079,0.006087502,0.007195137,0.015166364,0.012876122
Control_7,15 months,-15 months,0.013336972,0.008297617,0.025293976,0.011406388,0.092398686,0.009171807,0.006991757,0.004757162,0.018227632,0.083040635,0.004052012,0.010398896,0.014023868,0.007693541,0.008570461,0.00487413,0.00600625,0.003158129,0.005496201,0.004348592,0.005478152,0.005517065,0.007874391,0.00993084,0.030704863,0.003374194,0.00401833,0.008636078,0.003996027,0.005291491,0.007639603,0.006269688,0.004093496,0.003451963,0.004292499,0.007378596,0.006645735,0.01045078,0.005761005,0.117516718,0.002963179,0.005776418,0.008077462,0.005756491,0.00716363,0.004594053,0.005001621,0.003800278,0.009983569,0.005541712,0.005657855,0.251624629,0.075218212,0.005308479,0.013515898,0.02287769,0.006690494,0.00521877,0.003724615,0.007656626,0.008198104,0.017959444,0.017521767
Control_7,18 months,-12 months,0.007092323,0.00527755,0.026508753,0.005785363,0.048185608,0.00407951,0.004939194,0.002171686,0.012858912,0.040407535,0.001447562,0.01358806,0.026361365,0.002699823,0.003142974,0.001789306,0.002367384,0.001248766,0.002961297,0.001708843,0.005324723,0.005553689,0.007844573,0.007314539,0.015731836,0.001628302,0.002112323,0.004464494,0.002423555,0.003403899,0.004607614,0.003850208,0.003416804,0.001521889,0.002281383,0.002743544,0.003262237,0.008088331,0.00285679,0.042262505,0.001317507,0.002825519,0.003539755,0.002835443,0.004164031,0.003410644,0.005484969,0.002962085,0.006170892,0.006176481,0.001876146,0.011792086,0.007911075,0.002073168,0.004624992,0.0081105,0.002700232,0.002620617,0.00161915,0.003400111,0.003703788,0.014611533,0.009071733
Control_7,21 months,-9 months,0.151286002,0.028199373,0.058939807,0.03143512,0.265971266,0.025459189,0.024205603,0.013142316,0.046912879,0.33276666,0.012230149,0.026331741,0.036329937,0.019723579,0.020712143,0.01125393,0.014045954,0.007311881,0.013521277,0.009836996,0.012370986,0.012510921,0.01694102,0.022039547,0.069117247,0.007286227,0.008851596,0.017633792,0.008119811,0.010634973,0.015302365,0.014123859,0.011168811,0.007263552,0.010660857,0.015388634,0.016139409,0.02009314,0.009850399,0.362871286,0.006591384,0.012380771,0.015889138,0.012044851,0.013993024,0.00963312,0.010147826,0.006590759,0.019344212,0.01261313,0.008790974,0.301796335,0.096776311,0.009594269,0.022913092,0.03559476,0.011125486,0.011228696,0.006671004,0.014470016,0.014120663,0.028769519,0.029033324
Control_7,24 months,-6 months,0.020240446,0.013616561,0.043227774,0.019594637,0.171572476,0.01529672,0.01425451,0.00933346,0.035150724,0.213605773,0.008713964,0.021492255,0.027137329,0.014500196,0.014220685,0.007185407,0.009076521,0.004701832,0.010477917,0.006485017,0.008027086,0.00835458,0.010671995,0.014082516,0.044855607,0.00491477,0.005810374,0.013597414,0.006121786,0.007347617,0.00962452,0.009463842,0.008706529,0.005626051,0.007932737,0.011587207,0.011082012,0.014509345,0.00738088,0.192447016,0.004549482,0.009326054,0.012753056,0.008484685,0.009319243,0.00617363,0.006334999,0.005624587,0.013330588,0.006591146,0.0055618,0.090463277,0.036901611,0.005979265,0.011796116,0.024155666,0.007506602,0.007056267,0.004552198,0.008896668,0.009796573,0.021210509,0.020758793
Control_7,27 months,-3 months,0.035141871,0.013527475,0.050479098,0.02020959,0.16950569,0.015891387,0.015248104,0.00879682,0.03202654,0.953509374,0.005946552,0.019710075,0.022531527,0.012723256,0.016303929,0.007923744,0.01007131,0.005223887,0.012970941,0.007276943,0.008986916,0.009486786,0.012343184,0.01617568,0.049919419,0.005422162,0.006593507,0.013406958,0.006098559,0.008807779,0.011546901,0.01131802,0.00813075,0.005714786,0.008300093,0.011138387,0.010976244,0.014432223,0.008262475,0.145000879,0.005293571,0.011318206,0.017012232,0.010556427,0.012338115,0.007933827,0.008181055,0.006513718,0.014779296,0.008382401,0.006940055,0.160098769,0.05893341,0.008197712,0.016284029,0.030680897,0.010181673,0.009115571,0.006109733,0.012357925,0.013567829,0.030385545,0.065923968
Control_7,30 months,Onset,0,0.033633444,0.075102122,0.046635687,0.475666838,0.069314873,0.030750781,0.024458162,0.064079814,0.175757292,0.012882652,0.057363709,0.066229039,0.050229359,0.049526938,0.026987806,0.03844527,0.019635357,0.049721389,0.025523473,0.043448524,0.03381023,0.143509475,0.054880477,0.440024785,0.023371106,0.086553243,0.042327969,0.011882209,0.016669275,0.055592459,0.026843839,0.015788843,0.012340516,0.016003554,0.025639919,0.032292069,0.030662153,0.017303484,0.223258527,0.016394981,0.032889807,0.167586435,0.036337726,0.04876578,0.025890811,0.038371663,0.017648129,0.05126062,0.02269375,0.014555512,0.126754321,0.074623009,0.034151776,0.038707265,0.06256014,0.037732475,0.019619199,0.014544148,0.029036727,0.030220624,0.053883144,0.05570836
Control_8,12 months,-6 months,0.009198788,0.007357472,0.016404682,0.006476604,0.053390053,0.00529346,0.003785545,0.002396263,0.011244345,0.033758862,0.002135954,0.006996437,0.006937269,0.004679316,0.005497468,0.003384186,0.004023748,0.002160971,0.003833334,0.002944851,0.003867671,0.004371178,0.006112276,0.007365412,0.022432347,0.00240202,0.002748652,0.007972728,0.004657218,0.004647592,0.007378201,0.005749294,0.003600076,0.002823711,0.003628076,0.004933911,0.004821368,0.007210964,0.006117012,0.075027744,0.002157871,0.004209048,0.00850895,0.006742975,0.006198979,0.009201123,0.009285604,0.007891187,0.008157313,0.006781666,0.00511775,0.4451915,0.137941603,0.009072017,0.045922213,0.013820104,0.004549753,0.003874636,0.00251181,0.00554288,0.006506327,0.012887407,0.012532716
Control_8,15 months,-3 months,0.017823984,0.010919239,0.036728732,0.014858184,0.138049698,0.014209932,0.009276978,0.005760311,0.036603544,0.070754674,0.004737845,0.027310357,0.037008967,0.010432467,0.011717377,0.006717722,0.008292321,0.004486063,0.007629727,0.005817436,0.008317623,0.011726863,0.017104179,0.015055649,0.044697611,0.004778096,0.005751117,0.0125001,0.007088965,0.010017688,0.012137231,0.010540156,0.005890207,0.004971582,0.006275689,0.009838474,0.012099602,0.030177802,0.00694869,0.130120411,0.004278339,0.008447407,0.010464358,0.013181701,0.010904867,0.011035224,0.006900657,0.004806296,0.013473051,0.008116335,0.00664197,0.345962601,0.097198417,0.012018856,0.020948284,0.028630423,0.01082481,0.006483527,0.004729249,0.009620359,0.010693664,0.023449676,0.023817905
Control_8,18 months,Onset,0.177395722,0.01459334,0.030580731,0.013102383,0.084430623,0.009035541,0.007127432,0.003689317,0.015278065,0.058648585,0.003371228,0.008246521,0.018505026,0.007198381,0.008593454,0.005883824,0.006380378,0.003283301,0.005917218,0.004582294,0.005924709,0.006428605,0.010479285,0.013454297,0.033320708,0.00343545,0.00427698,0.010069188,0.005193793,0.006189237,0.010556273,0.007736703,0.005411839,0.004168719,0.005322174,0.010029052,0.01947903,0.013199341,0.006030559,0.194625901,0.004015783,0.008731231,0.009723864,0.029206861,0.013822916,0.021056422,0.009017358,0.063003502,0.015132135,0.011302994,0.008025726,0.319987913,0.121256638,0.011832032,0.077532222,0.019904482,0.009002612,0.00573422,0.003738127,0.007830762,0.008091606,0.018947814,0.026285566
Control_8,3 months,-15 months,0.021837888,0.018488359,0.043783929,0.033416612,0.611018608,0.159556342,0.020027917,0.055653828,0.18948889,0.106092904,0.031246738,0.067764625,0.02627303,0.014873893,0.022476015,0.013036266,0.020961694,0.018963161,0.023587603,0.015926445,0.019201945,0.018989753,0.028236231,0.042162516,0.115158148,0.012971078,0.01752582,0.048453639,0.016827101,0.016177005,0.039316726,0.05186358,0.014190343,0.011233631,0.016293989,0.022271133,0.021129802,0.033369328,0.016842726,0.123681248,0.010754841,0.024648085,0.029722669,0.031196275,0.036860704,0.022706797,0.028676819,0.020045489,0.054298556,0.027686889,0.177819816,0.643257278,0.298414471,0.021139831,0.076141051,0.069702942,0.027262543,0.021448211,0.016705076,0.029349784,0.035347202,0.074685389,0.081783634
Control_8,6 months,-12 months,0.162945033,0.029190399,0.069474045,0.025277435,0.687052095,0.021711927,0.034950659,0.024707252,0.047642422,0.083562181,0.008915686,0.022592234,0.025338703,0.018918381,0.030966238,0.017938623,0.025177733,0.011814638,0.02841062,0.029345677,0.022435939,0.022570442,0.036772249,0.051194902,0.192462966,0.018739656,0.018637638,0.057865639,0.030248937,0.021295987,0.325569253,0.03731173,0.016527852,0.016742833,0.018701439,0.032181551,0.062544425,0.095370817,0.040248837,0.232731461,0.016117835,0.043858516,0.077963392,0.085511743,0.044344102,0.032639618,0.038542072,0.021184609,0.135538402,0.113589459,0.059226341,0.660946259,0.14683729,0.034485015,0.086732546,0.074062283,0.76263044,0.0335738,0.021097445,0.034768146,0.044291964,0.187266584,0.106553418
Control_8,9 months,-9 months,0.61929811,0.004847085,0.017268549,0.006033703,0.054311869,0.006016077,0.00484998,0.002516872,0.009128861,0.126634579,0.002236988,0.004952603,0.007864256,0.004529521,0.005987466,0.003540486,0.004336556,0.002371021,0.00401363,0.003193914,0.004130668,0.004118704,0.005894049,0.007510723,0.026152336,0.002614048,0.003044276,0.007063226,0.004190247,0.004677151,0.007550441,0.005967721,0.004026018,0.003033129,0.004038783,0.005220176,0.005830079,0.007620764,0.003535275,0.048278894,0.003078349,0.005345597,0.008500181,0.008061191,0.023899234,0.021243552,0.005423281,0.016666246,0.018940695,0.024590366,0.007321528,0.745375224,0.280107279,0.007659105,0.036228049,0.022034715,0.005977323,0.00727066,0.00360833,0.007006482,0.009023598,0.019151267,0.036795647
Control_9,12 months,-18 months,0.021102723,0.01474898,0.043746569,0.019561635,0.151386856,0.015887093,0.014174443,0.005920912,0.025878284,0.108275107,0.004443427,0.028891058,0.016215258,0.008922638,0.01027248,0.005597548,0.007375399,0.003771054,0.008356361,0.004940256,0.00580788,0.005924412,0.008571517,0.011966732,0.038376432,0.003974796,0.005251934,0.014485941,0.007390242,0.006628426,0.010958453,0.011395993,0.007452022,0.005297777,0.006481507,0.009298746,0.00836903,0.010802941,0.006059989,0.159230566,0.003251385,0.005989705,0.009985239,0.005958349,0.007343036,0.005444244,0.005408078,0.004153195,0.010338843,0.006840587,0.011076039,0.59797739,0.181483434,0.006549675,0.013318212,0.018418336,0.007876021,0.006336897,0.003474333,0.006604461,0.007374418,0.015098467,0.014553255
Control_9,15 months,-15 months,0.017138147,0.0120633,0.031139348,0.012995533,0.117504442,0.010626754,0.012563794,0.005368601,0.021050157,0.109124431,0.004114828,0.011965348,0.015928123,0.008368513,0.009110347,0.005202288,0.006346984,0.003334156,0.006393988,0.004503644,0.005698755,0.005959243,0.007984846,0.011043106,0.03405704,0.003655852,0.004660249,0.009592255,0.004976633,0.006205104,0.007992958,0.008021638,0.005308962,0.003896497,0.005447755,0.007060663,0.007844622,0.010040696,0.005364523,0.153401138,0.003590315,0.006809741,0.009284482,0.008931905,0.008817455,0.005385135,0.005386227,0.004109697,0.011669153,0.00746405,0.009852895,0.534663418,0.158042879,0.007169596,0.014056097,0.022809221,0.008990988,0.008630433,0.004712016,0.045890374,0.010224902,0.025831091,0.028893023
Control_9,18 months,-12 months,0.0298959,0.017895631,0.043216017,0.018344175,0.151931988,0.014399212,0.011940534,0.00797798,0.033605408,0.111887856,0.006188465,0.017140508,0.034487666,0.013703061,0.014847969,0.00844872,0.010907026,0.005662064,0.010344505,0.00772339,0.009687228,0.010131709,0.0140146,0.017253942,0.056045912,0.005853748,0.007217043,0.014531167,0.006934652,0.009115689,0.013646603,0.01256667,0.008113814,0.006343594,0.008253471,0.010629993,0.013913878,0.02166736,0.009128416,0.181691735,0.00522673,0.009990139,0.013313559,0.013021649,0.014502829,0.008596796,0.009054295,0.006979086,0.020181336,0.010266257,0.009778518,0.442759926,0.161921083,0.009154522,0.022277553,0.048715309,0.014605243,0.00984631,0.006126988,0.011887347,0.013157925,0.02921449,0.03256121
Control_9,21 months,-9 months,0.149502108,0.030581799,0.061938745,0.029188744,0.239018871,0.023118938,0.025274535,0.010850911,0.039195857,0.222394977,0.009643614,0.020525135,0.287135124,0.01871942,0.019381973,0.011075472,0.013417859,0.00703958,0.014150764,0.009823497,0.012313655,0.013051742,0.017593882,0.02222149,0.066729242,0.007003576,0.008991102,0.019967562,0.009364939,0.012737617,0.023949772,0.017893264,0.011920863,0.008502692,0.011425099,0.015682052,0.019990347,0.02455171,0.012601321,0.317528457,0.008716162,0.017975395,0.019088956,0.022806067,0.01924944,0.011496906,0.011551436,0.008732589,0.023523165,0.014268436,0.014961428,0.720810377,0.195200783,0.013318257,0.027373968,0.049493485,0.017206411,0.018551322,0.01119088,0.020056844,0.02329904,0.047906457,0.040987449
Control_9,24 months,-6 months,0.017185455,0.006078998,0.028610928,0.007137899,0.065386615,0.015572347,0.004136098,0.001926314,0.016903233,0.058589927,0.002025901,0.01991239,0.104804796,0.004530248,0.004408264,0.002802492,0.003556946,0.001652066,0.003411356,0.004855785,0.010398759,0.010170239,0.01239654,0.005588118,0.020015064,0.001731726,0.003982291,0.007180603,0.002833965,0.004500541,0.005071908,0.005740348,0.002447491,0.001710965,0.002400031,0.002787288,0.003586168,0.032213984,0.003709106,0.079069997,0.001627695,0.003101359,0.004369279,0.003291263,0.004172615,0.00303155,0.002431538,0.002183729,0.005549106,0.003091753,0.00292863,0.080329267,0.028873288,0.0028081,0.006305012,0.010812556,0.004966769,0.003992351,0.002097902,0.003870361,0.004352265,0.00936318,0.008474934
Control_9,27 months,-3 months,0.227701329,0.022511064,0.062975526,0.02294633,0.168942808,0.019209073,0.015544593,0.008054302,0.027778936,0.163660935,0.00955881,0.024662991,"108,084,107",0.025155135,0.023140648,0.012751044,0.015809051,0.008358523,0.014319686,0.01136625,0.014138224,0.014055054,0.019799468,0.025600875,0.073937809,0.007971306,0.00970435,0.019821612,0.009961689,0.013278055,0.020250439,0.017810699,0.012066249,0.009314133,0.011615129,0.0153477,0.020343587,0.024319395,0.013987671,0.210491096,0.008052531,0.019816059,0.022429918,0.021190063,0.026552571,0.020721844,0.015039352,0.023279537,0.030094449,0.025799752,0.028171009,"1,380,355,024",0.410508644,0.019417276,0.044910364,0.056326809,0.021637528,0.017124229,0.011908588,0.031834097,0.026116725,0.060865365,0.057994667
Control_9,30 months,Onset,0.020203981,0.033462078,0.064671585,0.026880244,0.221742471,0.026231973,0.015883225,0.011718108,0.050225275,0.189141877,0.011893358,0.02563034,0.057781245,0.018878055,0.018612612,0.010669681,0.012886917,0.007045135,0.011814039,0.009772706,0.011100158,0.011165163,0.014938501,0.02033927,0.069335204,0.007414547,0.009078236,0.017319131,0.009363474,0.010722013,0.013495453,0.013404809,0.010618045,0.00891623,0.01097874,0.018562465,0.015000317,0.019230015,0.010143375,0.280023641,0.005848515,0.011350389,0.013801873,0.011884227,0.013980923,0.009216625,0.009712262,0.006526945,0.019114572,0.013459383,0.01997461,"1,584,992,916",0.445538513,0.012437571,0.021650938,0.03941583,0.013284291,0.012686901,0.009760776,0.016958216,0.016820184,0.035102788,0.048854524